txn_id,value_date,amount,direction,narration,utr,balance_after
BNK-000513,2026-05-01,29861.39,CREDIT,REV-882250194055-FAILED TXN,882250194055,279861.39
BNK-000206,2026-05-02,9584.83,CREDIT,INB/813145791838/PAYMENT,813145791838,289446.22
BNK-000168,2026-05-03,76152.48,CREDIT,NEFT-BSTX,202555116096,365598.70
BNK-000157,2026-05-05,40405.76,CREDIT,BY TRANSFER-382077006579-,382077006579,406004.46
BNK-000465,2026-05-05,10463.37,CREDIT,INB/362050526279/PAYMENT,362050526279,416467.83
BNK-000517,2026-05-05,82848.97,CREDIT,IMPS-143267911379-UNKNOWN REMITTER,143267911379,499316.80
BNK-000519,2026-05-05,9356.12,CREDIT,IMPS-103388046419-UNKNOWN REMITTER,103388046419,508672.92
BNK-000333,2026-05-09,42531.16,CREDIT,UPI/957937245060/agrwlg@oksbinbank,957937245060,551204.08
BNK-000356,2026-05-09,18272.04,CREDIT,IMPS-790113205445-ChhCh,790113205445,569476.12
BNK-000455,2026-05-09,13691.01,CREDIT,BY TRANSFER-270285567444-,270285567444,583167.13
BNK-000456,2026-05-09,13691.01,CREDIT,UPI/337220318532/bhatttra@okyesbbank,337220318532,596858.14
BNK-000064,2026-05-11,17485.79,CREDIT,BY TRANSFER-876402616138-,876402616138,614343.93
BNK-000060,2026-05-12,16785.58,CREDIT,NEFT-VNKTX,974893236899,631129.51
BNK-000090,2026-05-12,44805.36,CREDIT,IMPS-892788732370-ChattInf,892788732370,675934.87
BNK-000091,2026-05-12,44805.36,CREDIT,IMPS-585338748766-Chttnf,585338748766,720740.23
BNK-000144,2026-05-12,41600.15,CREDIT,RTGS PUNB463657735171 BSSL,463657735171,762340.38
BNK-000327,2026-05-12,114369.80,CREDIT,CMS/INV-1315/AGRWLG,298001832957,876710.18
BNK-000120,2026-05-13,262326.47,CREDIT,IMPS-617976206713-BhattTra,617976206713,1139036.65
BNK-000187,2026-05-13,40403.71,CREDIT,NEFT-NairLog,206948205420,1179440.36
BNK-000253,2026-05-13,50846.36,CREDIT,CMS/1231/PATELCHE,241092319053,1230286.72
BNK-000302,2026-05-13,17701.06,CREDIT,NEFT/BOSESOL/1286/YESB,581424323048,1247987.78
BNK-000381,2026-05-13,32152.70,CREDIT,IMPS-182881528608-BhattTra,182881528608,1280140.48
BNK-000109,2026-05-14,4470.18,CREDIT,NEFT/VenkaPol/INV-1080/HDFC,849996661928,1284610.66
BNK-000234,2026-05-14,50304.21,CREDIT,INB/567521075121/PAYMENT,567521075121,1334914.87
BNK-000256,2026-05-14,393045.38,CREDIT,NEFT/VenkaTra/INV-1234/UTIB,308015757052,1727960.25
BNK-000351,2026-05-14,188835.07,CREDIT,NEFT/BoseAgr/1336/YESB,692811171450,1916795.32
BNK-000435,2026-05-14,15567.72,CREDIT,NEFT-ChauhTex,473534433384,1932363.04
BNK-000160,2026-05-15,96464.45,CREDIT,CMS/1136/AGARWPAC,415419181968,2028827.49
BNK-000172,2026-05-15,26354.63,CREDIT,BY TRANSFER-123267600011-,123267600011,2055182.12
BNK-000173,2026-05-15,26354.63,CREDIT,NEFT/AGARWLOG/1156/UTIB,511959734719,2081536.75
BNK-000296,2026-05-15,35096.87,CREDIT,UPI/664937954300/iyrsl@okhdfcbank,664937954300,2116633.62
BNK-000329,2026-05-15,6515.70,CREDIT,CMS/INV-1317/PATELDIS,486785868219,2123149.32
BNK-000334,2026-05-16,19477.98,CREDIT,NEFT-IyerInd,628145337805,2142627.30
BNK-000429,2026-05-16,312048.22,CREDIT,CMS/INV-1429/AgrwLg,877386390168,2454675.52
BNK-000083,2026-05-17,43196.82,CREDIT,BY TRANSFER-965501180047-,965501180047,2497872.34
BNK-000288,2026-05-17,26208.85,CREDIT,UPI/469796579899/agarwdis@okutibbank,469796579899,2524081.19
BNK-000107,2026-05-18,16867.09,CREDIT,BY TRANSFER-493458769654-,493458769654,2540948.28
BNK-000469,2026-05-18,18833.58,CREDIT,RTGS YESB665263634773 REDDYLOG,665263634773,2559781.86
BNK-000470,2026-05-18,18833.58,CREDIT,INB/874962895389/PAYMENT,874962895389,2578615.44
BNK-000056,2026-05-19,17892.84,CREDIT,RTGS YESB969595311049 IYERAGR,969595311049,2596508.28
BNK-000084,2026-05-19,37598.79,CREDIT,IMPS-880124740114-VenkaPol,880124740114,2634107.07
BNK-000089,2026-05-19,14298.63,CREDIT,UPI/889858380799/iyerind@okkkbkbank,889858380799,2648405.70
BNK-000510,2026-05-19,42899.46,CREDIT,IMPS-515887934736-UNKNOWN REMITTER,515887934736,2691305.16
BNK-000527,2026-05-19,68125.43,CREDIT,IMPS-130550487040-UNKNOWN REMITTER,130550487040,2759430.59
BNK-000112,2026-05-20,56688.58,CREDIT,BY TRANSFER-278735907815-,278735907815,2816119.17
BNK-000113,2026-05-20,56688.58,CREDIT,BY TRANSFER-459437263463-,459437263463,2872807.75
BNK-000163,2026-05-20,43535.93,CREDIT,RTGS AXIS888661506755 VENKATEX,888661506755,2916343.68
BNK-000417,2026-05-20,11112.07,CREDIT,NEFT-Snhgr,846823917591,2927455.75
BNK-000506,2026-05-20,19219.31,CREDIT,INT.PD:603428895049,603428895049,2946675.06
BNK-000075,2026-05-21,91758.91,CREDIT,NEFT/ChattInf/INV-1042/SBIN,998697736235,3038433.97
BNK-000323,2026-05-21,26544.32,CREDIT,NEFT/PatelChe/INV-1312/KKBK,126384370623,3064978.29
BNK-000384,2026-05-21,96243.91,CREDIT,RTGS AXIS868170095245 CHAUHTEX,868170095245,3161222.20
BNK-000516,2026-05-21,16584.82,CREDIT,REV-751195913614-FAILED TXN,751195913614,3177807.02
BNK-000165,2026-05-22,10109.08,CREDIT,NEFT/BHATTTRA/INV-1148/PUNB,499067527661,3187916.10
BNK-000127,2026-05-23,65623.53,CREDIT,BY TRANSFER-793445013461-,793445013461,3253539.63
BNK-000512,2026-05-23,60042.90,CREDIT,NEFT/RSTNF/RETURN,294819975357,3313582.53
BNK-000050,2026-05-24,20150.56,CREDIT,NEFT/VnkPl/INV-1015/KKBK,314944349306,3333733.09
BNK-000051,2026-05-24,26161.84,CREDIT,RTGS AXIS288995464013 TRVPC,288995464013,3359894.93
BNK-000067,2026-05-24,41438.54,CREDIT,NEFT/IYERSOL/1034/SBIN,158995640580,3401333.47
BNK-000105,2026-05-24,44249.65,CREDIT,CMS/INV-1076/NAIRLOG,648673696656,3445583.12
BNK-000106,2026-05-24,44249.65,CREDIT,NEFT/NRLG/1076/SBIN,233833113021,3489832.77
BNK-000182,2026-05-24,67248.89,CREDIT,NEFT-BhattTra,763315559111,3557081.66
BNK-000183,2026-05-24,20177.90,CREDIT,CMS/INV-1167/CHATTAGR,258412914973,3577259.56
BNK-000439,2026-05-24,98996.91,CREDIT,UPI/448156637913/deshmpac@okutibbank,448156637913,3676256.47
BNK-000122,2026-05-25,14588.97,CREDIT,NEFT/BhattTra/1097/KKBK,384542379321,3690845.44
BNK-000153,2026-05-25,63389.73,CREDIT,INB/684302847573/PAYMENT,684302847573,3754235.17
BNK-000191,2026-05-25,13543.35,CREDIT,RTGS AXIS891059788292 AGARWLOG,891059788292,3767778.52
BNK-000426,2026-05-25,87387.18,CREDIT,UPI/292871186218/chauhche@okkkbkbank,292871186218,3855165.70
BNK-000427,2026-05-25,87387.18,CREDIT,RTGS UTIB883003159414 CHAUHCHE,883003159414,3942552.88
BNK-000447,2026-05-25,8211.57,CREDIT,BY TRANSFER-797552601690-,797552601690,3950764.45
BNK-000448,2026-05-25,8211.57,CREDIT,INB/221529510230/PAYMENT,221529510230,3958976.02
BNK-000036,2026-05-26,284233.14,CREDIT,INB/766384838702/PAYMENT,766384838702,4243209.16
BNK-000193,2026-05-26,80249.70,CREDIT,RTGS UTIB901571550788 BOSETEX,901571550788,4323458.86
BNK-000214,2026-05-26,64122.49,CREDIT,NEFT-AgarwLog,448385993429,4387581.35
BNK-000215,2026-05-26,64122.49,CREDIT,CMS/INV-1196/AGRWLG,365826488670,4451703.84
BNK-000349,2026-05-26,17712.46,CREDIT,INB/979539741243/PAYMENT,979539741243,4469416.30
BNK-000407,2026-05-26,41544.30,CREDIT,IMPS-460048902800-MalhoSte,460048902800,4510960.60
BNK-000281,2026-05-27,26502.75,CREDIT,INB/736027590949/PAYMENT,736027590949,4537463.35
BNK-000285,2026-05-27,30161.68,CREDIT,NEFT-CHATTPAC,794903264606,4567625.03
BNK-000325,2026-05-27,112964.75,CREDIT,NEFT-VENKAMOT,238213668632,4680589.78
BNK-000326,2026-05-27,112964.75,CREDIT,IMPS-937925236712-VENKAMOT,937925236712,4793554.53
BNK-000147,2026-05-28,45756.34,CREDIT,IMPS-150334875606-AGARWSTE,150334875606,4839310.87
BNK-000315,2026-05-28,54293.76,CREDIT,IMPS-387599457940-NAIRLOG,387599457940,4893604.63
BNK-000379,2026-05-28,30487.13,CREDIT,RTGS AXIS812976742343 DESHMDIS,812976742343,4924091.76
BNK-000413,2026-05-28,286494.52,CREDIT,IMPS-503975413567-NairLog,503975413567,5210586.28
BNK-000423,2026-05-28,13144.79,CREDIT,CMS/1423/VnkTx,993182910764,5223731.07
BNK-000520,2026-05-28,72337.01,CREDIT,REV-654592295720-FAILED TXN,654592295720,5296068.08
BNK-000181,2026-05-29,8060.00,CREDIT,IMPS-782996300599-BHATTTRA,782996300599,5304128.08
BNK-000255,2026-05-29,9013.82,CREDIT,INB/723039338021/PAYMENT,723039338021,5313141.90
BNK-000289,2026-05-29,22326.05,CREDIT,CMS/INV-1272/AgarwDis,426603728043,5335467.95
BNK-000466,2026-05-29,22965.94,CREDIT,CMS/INV-1562/DESHMPAC,926240291166,5358433.89
BNK-000044,2026-05-30,18215.93,CREDIT,UPI/936135378053/deshment@okaxisbank,936135378053,5376649.82
BNK-000211,2026-05-30,7575.63,CREDIT,IMPS-155681362811-BOSEMOT,155681362811,5384225.45
BNK-000328,2026-05-30,35546.23,CREDIT,UPI/814439052501/bhatttra@okhdfcbank,814439052501,5419771.68
BNK-000475,2026-05-30,84220.62,CREDIT,NEFT-AGRWDS,716374966186,5503992.30
BNK-000078,2026-05-31,55293.23,CREDIT,INB/476795082204/PAYMENT,476795082204,5559285.53
BNK-000119,2026-05-31,42629.04,CREDIT,CMS/INV-1092/MEHTATRA,801589880262,5601914.57
BNK-000287,2026-05-31,99317.87,CREDIT,RTGS ICIC321140745865 BOSEMOT,321140745865,5701232.44
BNK-000366,2026-05-31,41822.48,CREDIT,IMPS-118678344222-BOSESOL,118678344222,5743054.92
BNK-000457,2026-05-31,23984.63,CREDIT,NEFT/MehtaChe/INV-1455/HDFC,533708384664,5767039.55
BNK-000152,2026-06-01,265083.93,CREDIT,RTGS SBIN716372890209 VENKAPOL,716372890209,6032123.48
BNK-000154,2026-06-01,215137.01,CREDIT,BY TRANSFER-621913230612-,621913230612,6247260.49
BNK-000220,2026-06-01,10678.44,CREDIT,IMPS-362343450426-VenkaTex,362343450426,6257938.93
BNK-000254,2026-06-01,81468.90,CREDIT,IMPS-803840256648-PatelChe,803840256648,6339407.83
BNK-000486,2026-06-01,26101.36,CREDIT,IMPS-223314494896-AGRWLG,223314494896,6365509.19
BNK-000114,2026-06-02,24322.56,CREDIT,NEFT/IYERSOL/1086/PUNB,637227267940,6389831.75
BNK-000128,2026-06-02,30457.77,CREDIT,UPI/837295127492/bhatttra@okkkbkbank,837295127492,6420289.52
BNK-000146,2026-06-02,39098.13,CREDIT,INB/169973359287/PAYMENT,169973359287,6459387.65
BNK-000179,2026-06-02,227426.18,CREDIT,IMPS-352931765486-IyerInd,352931765486,6686813.83
BNK-000205,2026-06-02,27061.76,CREDIT,INB/453045754260/PAYMENT,453045754260,6713875.59
BNK-000209,2026-06-02,125857.12,CREDIT,CMS/1189/RSTTR,989141265586,6839732.71
BNK-000352,2026-06-02,153674.41,CREDIT,NEFT/AgrwLg/INV-1337/SBIN,312296071326,6993407.12
BNK-000353,2026-06-02,153674.41,CREDIT,NEFT/AGRWLG/INV-1337/HDFC,107363999683,7147081.53
BNK-000395,2026-06-02,68884.05,CREDIT,UPI/141618539821/chauhtex@okicicbank,141618539821,7215965.58
BNK-000521,2026-06-02,14701.74,CREDIT,REFUND/227574103194/GATEWAY,227574103194,7230667.32
BNK-000130,2026-06-03,26232.72,CREDIT,NEFT/NairTra/1103/ICIC,314714511399,7256900.04
BNK-000176,2026-06-03,14039.13,CREDIT,NEFT-CHAUHTEX,440478080070,7270939.17
BNK-000272,2026-06-03,49922.19,CREDIT,CMS/INV-1250/IyerSol,133295845145,7320861.36
BNK-000278,2026-06-03,125234.19,CREDIT,INB/846250135706/PAYMENT,846250135706,7446095.55
BNK-000283,2026-06-03,23154.66,CREDIT,RTGS YESB135420159390 IYERIND,135420159390,7469250.21
BNK-000337,2026-06-03,23817.41,CREDIT,BY TRANSFER-537328099854-,537328099854,7493067.62
BNK-000477,2026-06-03,76517.30,CREDIT,NEFT-IyerSol,718269261446,7569584.92
BNK-000034,2026-06-04,130525.62,CREDIT,BY TRANSFER-640059555857-,640059555857,7700110.54
BNK-000148,2026-06-04,18789.16,CREDIT,NEFT-NrLg,548251650445,7718899.70
BNK-000169,2026-06-04,36981.77,CREDIT,NEFT-RastoEnt,600397142270,7755881.47
BNK-000188,2026-06-04,36118.46,CREDIT,NEFT/NairLog/INV-1171/SBIN,986641768680,7791999.93
BNK-000203,2026-06-04,44418.47,CREDIT,IMPS-225251468182-DSHMLG,225251468182,7836418.40
BNK-000311,2026-06-04,4871.20,CREDIT,BY TRANSFER-283000619090-,283000619090,7841289.60
BNK-000331,2026-06-04,59934.40,CREDIT,BY TRANSFER-696643829937-,696643829937,7901224.00
BNK-000371,2026-06-04,81876.28,CREDIT,INB/916928670697/PAYMENT,916928670697,7983100.28
BNK-000376,2026-06-04,37218.03,CREDIT,BY TRANSFER-966683191939-,966683191939,8020318.31
BNK-000409,2026-06-04,40266.92,CREDIT,UPI/861136498213/iyersol@okhdfcbank,861136498213,8060585.23
BNK-000111,2026-06-05,46108.82,CREDIT,BY TRANSFER-979800286845-,979800286845,8106694.05
BNK-000273,2026-06-05,15922.97,CREDIT,RTGS KKBK615553253698 REDDYLOG,615553253698,8122617.02
BNK-000286,2026-06-05,41916.76,CREDIT,NEFT-AgarwChe,616832183032,8164533.78
BNK-000345,2026-06-05,100866.25,CREDIT,IMPS-744344453625-AGARWLOG,744344453625,8265400.03
BNK-000430,2026-06-05,5206.34,CREDIT,IMPS-228211589142-AgrwLg,228211589142,8270606.37
BNK-000458,2026-06-05,39667.25,CREDIT,CMS/INV-1456/MalhoTex,946911906106,8310273.62
BNK-000485,2026-06-05,87702.61,CREDIT,IMPS-659588525584-AGRWDS,659588525584,8397976.23
BNK-000505,2026-06-05,19911.88,CREDIT,IMPS-749432682951-UNKNOWN REMITTER,749432682951,8417888.11
BNK-000138,2026-06-06,14457.38,CREDIT,RTGS SBIN594131478165 IYRSL,594131478165,8432345.49
BNK-000225,2026-06-06,64628.39,CREDIT,BY TRANSFER-415458506635-,415458506635,8496973.88
BNK-000242,2026-06-06,124306.90,CREDIT,CMS/INV-1222/PtlDs,582098063183,8621280.78
BNK-000252,2026-06-06,27768.98,CREDIT,CMS/1230/TriveLog,130566040170,8649049.76
BNK-000293,2026-06-06,14244.45,CREDIT,NEFT-AgarwLog,130693968827,8663294.21
BNK-000312,2026-06-06,27697.89,CREDIT,INB/543691426697/PAYMENT,543691426697,8690992.10
BNK-000361,2026-06-06,27117.97,CREDIT,CMS/1345/KULKAAGR,141144279549,8718110.07
BNK-000134,2026-06-07,7673.43,CREDIT,BY TRANSFER-277748089981-,277748089981,8725783.50
BNK-000142,2026-06-07,59329.95,CREDIT,CMS/1115/RASTOTRA,330509157956,8785113.45
BNK-000284,2026-06-07,12555.08,CREDIT,INB/564846989529/PAYMENT,564846989529,8797668.53
BNK-000482,2026-06-07,6300.81,CREDIT,NEFT/RASTOTEX/1480/KKBK,427383511140,8803969.34
BNK-000069,2026-06-08,18538.98,CREDIT,NEFT-BhattTra,199286678003,8822508.32
BNK-000436,2026-06-08,7984.05,CREDIT,BY TRANSFER-369562588892-,369562588892,8830492.37
BNK-000039,2026-06-09,22084.83,CREDIT,CMS/1002/BHATTTRA,885729976775,8852577.20
BNK-000046,2026-06-09,4111.79,CREDIT,IMPS-395832687952-AGARWDIS,395832687952,8856688.99
BNK-000085,2026-06-09,20505.09,CREDIT,NEFT/IyerSol/INV-1053/PUNB,926982501439,8877194.08
BNK-000207,2026-06-09,31833.53,CREDIT,UPI/564592219839/dshmpc@okaxisbank,564592219839,8909027.61
BNK-000218,2026-06-09,86239.04,CREDIT,RTGS PUNB149046871010 SNHGR,149046871010,8995266.65
BNK-000310,2026-06-09,13523.83,CREDIT,NEFT-CHATTAGR,666851230472,9008790.48
BNK-000420,2026-06-09,6008.40,CREDIT,INB/101688488936/PAYMENT,101688488936,9014798.88
BNK-000131,2026-06-10,20199.10,CREDIT,UPI/747295048964/bhatttra@oksbinbank,747295048964,9034997.98
BNK-000508,2026-06-10,26124.38,CREDIT,INT.PD:110804742687,110804742687,9061122.36
BNK-000509,2026-06-10,14785.69,CREDIT,REFUND/608071112187/GATEWAY,608071112187,9075908.05
BNK-000530,2026-06-10,48308.69,CREDIT,INT.PD:540838038565,540838038565,9124216.74
BNK-000291,2026-06-11,90129.53,CREDIT,NEFT-AGRWLG,875364106877,9214346.27
BNK-000350,2026-06-11,11956.66,CREDIT,INB/902384320780/PAYMENT,902384320780,9226302.93
BNK-000052,2026-06-12,40440.67,CREDIT,BY TRANSFER-616034377501-,616034377501,9266743.60
BNK-000053,2026-06-12,40440.67,CREDIT,NEFT-SinhaAgr,194176702108,9307184.27
BNK-000057,2026-06-12,19306.42,CREDIT,INB/216890921730/PAYMENT,216890921730,9326490.69
BNK-000248,2026-06-12,45671.19,CREDIT,INB/725675706712/PAYMENT,725675706712,9372161.88
BNK-000249,2026-06-12,45671.19,CREDIT,NEFT/PATELDIS/INV-1227/KKBK,867487806206,9417833.07
BNK-000297,2026-06-12,35176.35,CREDIT,INB/198933013144/PAYMENT,198933013144,9453009.42
BNK-000340,2026-06-12,24402.50,CREDIT,RTGS KKBK362944902994 RSTTR,362944902994,9477411.92
BNK-000370,2026-06-12,85594.02,CREDIT,UPI/578226542206/bhatttra@okaxisbank,578226542206,9563005.94
BNK-000380,2026-06-12,30855.19,CREDIT,IMPS-716128137670-DESHMDIS,716128137670,9593861.13
BNK-000406,2026-06-12,36703.04,CREDIT,IMPS-488784242615-TriveEnt,488784242615,9630564.17
BNK-000189,2026-06-13,131884.52,CREDIT,UPI/953412951271/rastoent@okpunbbank,953412951271,9762448.69
BNK-000190,2026-06-13,131884.52,CREDIT,CMS/1172/RASTOENT,267936326966,9894333.21
BNK-000262,2026-06-13,63931.34,CREDIT,BY TRANSFER-554992223072-,554992223072,9958264.55
BNK-000303,2026-06-13,7989.89,CREDIT,UPI/115312621807/bosesol@okkkbkbank,115312621807,9966254.44
BNK-000434,2026-06-13,25350.20,CREDIT,INB/645725696324/PAYMENT,645725696324,9991604.64
BNK-000440,2026-06-13,79697.88,CREDIT,INB/702102375624/PAYMENT,702102375624,10071302.52
BNK-000264,2026-06-14,71272.06,CREDIT,BY TRANSFER-189260042775-,189260042775,10142574.58
BNK-000372,2026-06-14,24997.78,CREDIT,IMPS-523342063759-AGARWDIS,523342063759,10167572.36
BNK-000375,2026-06-14,57915.65,CREDIT,INB/662479239342/PAYMENT,662479239342,10225488.01
BNK-000005,2026-06-15,116514.30,CREDIT,INB/440602602021/PAYMENT,440602602021,10342002.31
BNK-000228,2026-06-15,12455.61,CREDIT,NEFT-PillaTex,465236056528,10354457.92
BNK-000342,2026-06-15,10575.10,CREDIT,BY TRANSFER-778378444748-,778378444748,10365033.02
BNK-000367,2026-06-15,73279.91,CREDIT,IMPS-991117943713-AgarwChe,991117943713,10438312.93
BNK-000373,2026-06-15,31603.27,CREDIT,BY TRANSFER-137004474436-,137004474436,10469916.20
BNK-000058,2026-06-16,44326.11,CREDIT,RTGS YESB128880907191 VENKASTE,128880907191,10514242.31
BNK-000115,2026-06-17,63859.36,CREDIT,BY TRANSFER-744619899672-,744619899672,10578101.67
BNK-000170,2026-06-17,66914.16,CREDIT,RTGS UTIB329957117994 VENKAPOL,329957117994,10645015.83
BNK-000236,2026-06-17,11904.73,CREDIT,NEFT-BhattTra,657488282282,10656920.56
BNK-000277,2026-06-17,13110.76,CREDIT,IMPS-665905318170-IyerSol,665905318170,10670031.32
BNK-000301,2026-06-17,75856.76,CREDIT,CMS/1285/TRIVEPAC,789023820989,10745888.08
BNK-000488,2026-06-17,11550.28,CREDIT,RTGS SBIN660569713484 IYERIND,660569713484,10757438.36
BNK-000018,2026-06-18,85310.19,CREDIT,IMPS-130949756197-IYRIND,130949756197,10842748.55
BNK-000212,2026-06-18,10249.37,CREDIT,RTGS KKBK862666546920 BOSEMOT,862666546920,10852997.92
BNK-000279,2026-06-18,57635.92,CREDIT,BY TRANSFER-350525900816-,350525900816,10910633.84
BNK-000280,2026-06-18,57635.92,CREDIT,NEFT-AGARWCHE,114095764188,10968269.76
BNK-000335,2026-06-18,17272.92,CREDIT,NEFT/IyrInd/1321/YESB,980142784206,10985542.68
BNK-000374,2026-06-18,24124.21,CREDIT,CMS/1361/TRIVECHE,721141646715,11009666.89
BNK-000498,2026-06-18,15083.28,CREDIT,IMPS-796576838193-VenkaPol,796576838193,11024750.17
BNK-000518,2026-06-18,56127.39,CREDIT,REFUND/413908762546/GATEWAY,413908762546,11080877.56
BNK-000307,2026-06-19,226357.65,CREDIT,RTGS YESB475549862288 AGARWSTE,475549862288,11307235.21
BNK-000344,2026-06-19,17707.75,CREDIT,IMPS-927200698032-AGARWLOG,927200698032,11324942.96
BNK-000467,2026-06-19,58437.35,CREDIT,IMPS-935917420973-AgarwLog,935917420973,11383380.31
BNK-000494,2026-06-19,157813.48,CREDIT,NEFT/BhattTra/1493/KKBK,709947297183,11541193.79
BNK-000125,2026-06-20,89537.89,CREDIT,INB/208953270853/PAYMENT,208953270853,11630731.68
BNK-000133,2026-06-20,27153.73,CREDIT,NEFT-ChauhSte,923901840080,11657885.41
BNK-000492,2026-06-20,150606.16,CREDIT,RTGS ICIC845783372611 BHATTTRA,845783372611,11808491.57
BNK-000493,2026-06-20,150606.16,CREDIT,UPI/350567970294/bhatttra@okyesbbank,350567970294,11959097.73
BNK-000511,2026-06-20,82532.03,CREDIT,NEFT/CHAUHCHE/RETURN,582821013334,12041629.76
BNK-000524,2026-06-20,3130.79,CREDIT,REFUND/138498624274/GATEWAY,138498624274,12044760.55
BNK-000503,2026-06-21,43153.42,CREDIT,REFUND/810491036204/GATEWAY,810491036204,12087913.97
BNK-000032,2026-06-22,172237.49,CREDIT,BY TRANSFER-594273282062-,594273282062,12260151.46
BNK-000118,2026-06-22,48293.43,CREDIT,INB/539451160337/PAYMENT,539451160337,12308444.89
BNK-000177,2026-06-22,26654.01,CREDIT,INB/642729313553/PAYMENT,642729313553,12335098.90
BNK-000403,2026-06-22,9614.03,CREDIT,IMPS-379843504267-BOSETEX,379843504267,12344712.93
BNK-000421,2026-06-22,19577.60,CREDIT,UPI/374564901652/venkatra@okicicbank,374564901652,12364290.53
BNK-000040,2026-06-23,10250.20,CREDIT,UPI/293131337022/bhatttra@okkkbkbank,293131337022,12374540.73
BNK-000048,2026-06-23,70514.17,CREDIT,IMPS-505419266511-BhattChe,505419266511,12445054.90
BNK-000237,2026-06-23,3857.83,CREDIT,CMS/INV-1217/BHATTTRA,765916491653,12448912.73
BNK-000241,2026-06-23,57896.32,CREDIT,CMS/INV-1220/PatelChe,358825582607,12506809.05
BNK-000275,2026-06-23,15409.35,CREDIT,IMPS-443545371661-VnkTx,443545371661,12522218.40
BNK-000341,2026-06-23,11325.91,CREDIT,CMS/INV-1327/RASTOTRA,717564006795,12533544.31
BNK-000405,2026-06-23,62944.25,CREDIT,CMS/INV-1402/BOSEMOT,193417852649,12596488.56
BNK-000074,2026-06-24,17598.42,CREDIT,CMS/1041/ChhTx,489200614473,12614086.98
BNK-000363,2026-06-24,53647.72,CREDIT,NEFT/VnkSt/INV-1347/ICIC,429278077807,12667734.70
BNK-000414,2026-06-24,20271.11,CREDIT,INB/455798116356/PAYMENT,455798116356,12688005.81
BNK-000156,2026-06-25,42706.74,CREDIT,IMPS-497091258498-VENKATRA,497091258498,12730712.55
BNK-000213,2026-06-25,52114.84,CREDIT,NEFT-BHTTTR,458997754251,12782827.39
BNK-000265,2026-06-25,45919.40,CREDIT,NEFT-VNKPL,183893204328,12828746.79
BNK-000330,2026-06-25,8779.38,CREDIT,IMPS-788505436523-PtlDs,788505436523,12837526.17
BNK-000473,2026-06-25,11970.69,CREDIT,IMPS-222825672252-PatelChe,222825672252,12849496.86
BNK-000126,2026-06-26,18919.13,CREDIT,NEFT-BHATTTRA,646063595931,12868415.99
BNK-000140,2026-06-26,47965.68,CREDIT,CMS/INV-1112/Iyrgr,873550082274,12916381.67
BNK-000227,2026-06-26,67462.39,CREDIT,BY TRANSFER-965749939142-,965749939142,12983844.06
BNK-000324,2026-06-26,35620.36,CREDIT,CMS/INV-1312/PATELCHE,274746849126,13019464.42
BNK-000360,2026-06-26,27538.72,CREDIT,IMPS-170141570810-BoseAgr,170141570810,13047003.14
BNK-000424,2026-06-26,15631.98,CREDIT,BY TRANSFER-215708586502-,215708586502,13062635.12
BNK-000019,2026-06-27,89012.10,CREDIT,INB/959672216953/PAYMENT,959672216953,13151647.22
BNK-000076,2026-06-27,11185.87,CREDIT,RTGS HDFC247347918305 AGARWDIS,247347918305,13162833.09
BNK-000103,2026-06-27,13168.05,CREDIT,UPI/165325170749/malhopol@okhdfcbank,165325170749,13176001.14
BNK-000108,2026-06-27,64891.60,CREDIT,RTGS SBIN590714243274 VNKPL,590714243274,13240892.74
BNK-000137,2026-06-27,40844.29,CREDIT,IMPS-363528081447-DESHMENT,363528081447,13281737.03
BNK-000171,2026-06-27,10803.21,CREDIT,IMPS-506804674690-VNKTX,506804674690,13292540.24
BNK-000216,2026-06-27,18063.82,CREDIT,NEFT-BOSETEX,185964749019,13310604.06
BNK-000396,2026-06-27,16166.74,CREDIT,BY TRANSFER-657994295799-,657994295799,13326770.80
BNK-000459,2026-06-27,22899.25,CREDIT,UPI/123144665109/iyerpac@okicicbank,123144665109,13349670.05
BNK-000480,2026-06-27,91657.22,CREDIT,BY TRANSFER-341048127955-,341048127955,13441327.27
BNK-000490,2026-06-27,51741.54,CREDIT,NEFT-BHATTTRA,135004023256,13493068.81
BNK-000522,2026-06-27,1330.54,CREDIT,REFUND/128706836600/GATEWAY,128706836600,13494399.35
BNK-000037,2026-06-28,95699.62,CREDIT,BY TRANSFER-559390776751-,559390776751,13590098.97
BNK-000042,2026-06-28,28583.64,CREDIT,IMPS-728153347543-IyerInd,728153347543,13618682.61
BNK-000054,2026-06-28,13382.74,CREDIT,BY TRANSFER-463907302410-,463907302410,13632065.35
BNK-000068,2026-06-28,29275.69,CREDIT,CMS/1034/IyerSol,763709265529,13661341.04
BNK-000382,2026-06-28,24956.89,CREDIT,CMS/INV-1368/BHATTTRA,384315147517,13686297.93
BNK-000398,2026-06-28,24546.74,CREDIT,BY TRANSFER-995467205738-,995467205738,13710844.67
BNK-000408,2026-06-28,50541.75,CREDIT,IMPS-490259848660-IYERSOL,490259848660,13761386.42
BNK-000451,2026-06-28,8535.30,CREDIT,CMS/INV-1451/PillaTex,194807998745,13769921.72
BNK-000484,2026-06-28,50734.07,CREDIT,NEFT-RASTOENT,907469631966,13820655.79
BNK-000094,2026-06-29,72765.97,CREDIT,INB/635118785502/PAYMENT,635118785502,13893421.76
BNK-000309,2026-06-29,5398.92,CREDIT,BY TRANSFER-800832106264-,800832106264,13898820.68
BNK-000357,2026-06-29,24073.17,CREDIT,CMS/INV-1341/VENKAMOT,936127564206,13922893.85
BNK-000377,2026-06-29,32740.67,CREDIT,INB/276179437270/PAYMENT,276179437270,13955634.52
BNK-000401,2026-06-29,6011.39,CREDIT,UPI/375094135326/rsttx@okyesbbank,375094135326,13961645.91
BNK-000437,2026-06-29,23189.50,CREDIT,BY TRANSFER-441128876359-,441128876359,13984835.41
BNK-000186,2026-06-30,11088.78,CREDIT,UPI/676196946445/nairlog@okaxisbank,676196946445,13995924.19
BNK-000221,2026-06-30,56684.00,CREDIT,UPI/506309780372/bstx@oksbinbank,506309780372,14052608.19
BNK-000235,2026-06-30,55870.47,CREDIT,IMPS-780363047177-DESHMDIS,780363047177,14108478.66
BNK-000250,2026-06-30,69209.25,CREDIT,INB/846343401569/PAYMENT,846343401569,14177687.91
BNK-000320,2026-06-30,7069.56,CREDIT,BY TRANSFER-732863104104-,732863104104,14184757.47
BNK-000332,2026-06-30,41185.82,CREDIT,UPI/847766292300/patelche@okhdfcbank,847766292300,14225943.29
BNK-000410,2026-06-30,38850.20,CREDIT,BY TRANSFER-203557493387-,203557493387,14264793.49
BNK-000159,2026-07-01,12741.95,CREDIT,IMPS-633374896828-VNKPL,633374896828,14277535.44
BNK-000491,2026-07-01,25740.86,CREDIT,BY TRANSFER-701218965483-,701218965483,14303276.30
BNK-000026,2026-07-02,153402.45,CREDIT,IMPS-342705659319-AgarwSte,342705659319,14456678.75
BNK-000045,2026-07-02,106758.95,CREDIT,UPI/539843813685/malhotex@okutibbank,539843813685,14563437.70
BNK-000072,2026-07-02,44233.67,CREDIT,IMPS-309090249606-BoseTex,309090249606,14607671.37
BNK-000192,2026-07-02,24077.08,CREDIT,INB/322785768849/PAYMENT,322785768849,14631748.45
BNK-000223,2026-07-02,114602.47,CREDIT,IMPS-342388808508-DSHMNT,342388808508,14746350.92
BNK-000224,2026-07-02,31054.39,CREDIT,CMS/2203/IyerSol,353168586021,14777405.31
BNK-000304,2026-07-02,19257.44,CREDIT,NEFT-BOSEAGR,590661629243,14796662.75
BNK-000336,2026-07-02,15038.95,CREDIT,NEFT/REDDYLOG/INV-1322/YESB,817088754464,14811701.70
BNK-000391,2026-07-02,149416.69,CREDIT,INB/637322884382/PAYMENT,637322884382,14961118.39
BNK-000489,2026-07-02,9565.40,CREDIT,UPI/729806309809/iyerind@okkkbkbank,729806309809,14970683.79
BNK-000529,2026-07-02,89955.06,CREDIT,REV-388154137043-FAILED TXN,388154137043,15060638.85
BNK-000066,2026-07-03,45091.93,CREDIT,NEFT/VENKAPOL/1033/UTIB,853620165485,15105730.78
BNK-000139,2026-07-03,6284.91,CREDIT,IMPS-469748786846-IYERSOL,469748786846,15112015.69
BNK-000175,2026-07-03,18145.14,CREDIT,UPI/652524193805/agarwlog@okutibbank,652524193805,15130160.83
BNK-000419,2026-07-03,44342.73,CREDIT,NEFT-IyerSol,617204240824,15174503.56
BNK-000104,2026-07-04,26735.14,CREDIT,UPI/219873951436/malhopol@okicicbank,219873951436,15201238.70
BNK-000123,2026-07-04,9171.56,CREDIT,RTGS UTIB589488058438 BHATTTRA,589488058438,15210410.26
BNK-000257,2026-07-04,57115.63,CREDIT,NEFT-BoseAgr,270338717565,15267525.89
BNK-000290,2026-07-04,40301.02,CREDIT,RTGS PUNB186662135072 BSTX,186662135072,15307826.91
BNK-000425,2026-07-04,16106.09,CREDIT,IMPS-258504660172-RASTOENT,258504660172,15323933.00
BNK-000081,2026-07-05,25947.88,CREDIT,NEFT/ChattAgr/INV-1049/AXIS,557182673645,15349880.88
BNK-000132,2026-07-05,19720.07,CREDIT,BY TRANSFER-741098825062-,741098825062,15369600.95
BNK-000229,2026-07-05,12307.03,CREDIT,INB/608736623161/PAYMENT,608736623161,15381907.98
BNK-000347,2026-07-05,20323.68,CREDIT,NEFT/BHTTTR/1344/KKBK,381645376796,15402231.66
BNK-000354,2026-07-05,7815.34,CREDIT,IMPS-329570980232-AgarwLog,329570980232,15410047.00
BNK-000476,2026-07-05,57362.84,CREDIT,UPI/879667574256/trvch@oksbinbank,879667574256,15467409.84
BNK-000525,2026-07-05,11731.71,CREDIT,REV-977512937099-FAILED TXN,977512937099,15479141.55
BNK-000531,2026-07-05,53474.54,CREDIT,REV-560772605568-FAILED TXN,560772605568,15532616.09
BNK-000041,2026-07-06,38364.45,CREDIT,IMPS-368204709540-BOSESOL,368204709540,15570980.54
BNK-000043,2026-07-06,175613.16,CREDIT,IMPS-381422854988-DeshmLog,381422854988,15746593.70
BNK-000196,2026-07-06,27627.67,CREDIT,CMS/1176/BSSL,367883750982,15774221.37
BNK-000523,2026-07-06,41467.01,CREDIT,IMPS-497564328230-UNKNOWN REMITTER,497564328230,15815688.38
BNK-000071,2026-07-07,61308.28,CREDIT,RTGS SBIN981923649006 TRIVEENT,981923649006,15876996.66
BNK-000243,2026-07-07,66701.37,CREDIT,INB/398619947349/PAYMENT,398619947349,15943698.03
BNK-000266,2026-07-07,28452.11,CREDIT,NEFT-MALHOTEX,683767876089,15972150.14
BNK-000029,2026-07-08,126523.67,CREDIT,IMPS-873608252928-NairTra,873608252928,16098673.81
BNK-000092,2026-07-08,7453.91,CREDIT,RTGS PUNB548119909950 AGARWDIS,548119909950,16106127.72
BNK-000116,2026-07-08,232858.77,CREDIT,NEFT-AgrwLg,992177992616,16338986.49
BNK-000117,2026-07-08,232858.77,CREDIT,NEFT-AgarwLog,817538877715,16571845.26
BNK-000270,2026-07-08,45695.18,CREDIT,NEFT/VenkaTra/INV-1248/UTIB,114254680928,16617540.44
BNK-000007,2026-07-09,248428.10,CREDIT,BY TRANSFER-550901688050-,550901688050,16865968.54
BNK-000200,2026-07-09,29978.61,CREDIT,NEFT-BHATTTRA,112923113276,16895947.15
BNK-000422,2026-07-09,20376.69,CREDIT,UPI/761502184898/venkatra@okicicbank,761502184898,16916323.84
BNK-000438,2026-07-09,29195.27,CREDIT,IMPS-738468453146-AGARWSTE,738468453146,16945519.11
BNK-000453,2026-07-10,23293.92,CREDIT,NEFT-BOSESOL,775541088101,16968813.03
BNK-000487,2026-07-10,10938.57,CREDIT,RTGS UTIB853938586865 PILLATEX,853938586865,16979751.60
BNK-000495,2026-07-10,12414.48,CREDIT,NEFT/RastoTra/INV-1494/KKBK,695935421046,16992166.08
BNK-000496,2026-07-10,9052.58,CREDIT,IMPS-859175577906-IyerInd,859175577906,17001218.66
BNK-000010,2026-07-11,100532.44,CREDIT,NEFT-PatelExp,374034476721,17101751.10
BNK-000121,2026-07-11,349079.06,CREDIT,INB/653356452661/PAYMENT,653356452661,17450830.16
BNK-000150,2026-07-11,20840.52,CREDIT,BY TRANSFER-100949177365-,100949177365,17471670.68
BNK-000151,2026-07-11,19705.23,CREDIT,INB/924242421267/PAYMENT,924242421267,17491375.91
BNK-000338,2026-07-11,8030.79,CREDIT,INB/818380983190/PAYMENT,818380983190,17499406.70
BNK-000397,2026-07-11,39680.02,CREDIT,IMPS-616299671014-BoseSol,616299671014,17539086.72
BNK-000035,2026-07-12,86348.54,CREDIT,BY TRANSFER-546813039046-,546813039046,17625435.26
BNK-000141,2026-07-12,51839.25,CREDIT,NEFT-MALHOTEX,163523349785,17677274.51
BNK-000239,2026-07-12,24224.79,CREDIT,NEFT/BhattTra/INV-1219/SBIN,978604439241,17701499.30
BNK-000240,2026-07-12,24224.79,CREDIT,NEFT-BhattTra,873287938497,17725724.09
BNK-000346,2026-07-12,62877.66,CREDIT,NEFT-AgrwLg,685872684982,17788601.75
BNK-000441,2026-07-12,18648.41,CREDIT,NEFT/MalhoPol/1441/ICIC,629529433471,17807250.16
BNK-000483,2026-07-12,9256.74,CREDIT,IMPS-922736788104-RASTOTEX,922736788104,17816506.90
BNK-000096,2026-07-13,147997.17,CREDIT,IMPS-858942031608-IyerAgr,858942031608,17964504.07
BNK-000098,2026-07-13,21195.03,CREDIT,BY TRANSFER-787818897026-,787818897026,17985699.10
BNK-000263,2026-07-13,36280.23,CREDIT,INB/445253152122/PAYMENT,445253152122,18021979.33
BNK-000445,2026-07-13,27359.42,CREDIT,NEFT/AGARWLOG/INV-1447/SBIN,408608567842,18049338.75
BNK-000001,2026-07-14,196372.46,CREDIT,NEFT-BhattTra,710012968486,18245711.21
BNK-000003,2026-07-14,25414.05,CREDIT,BY TRANSFER-816005965848-,816005965848,18271125.26
BNK-000149,2026-07-14,30884.78,CREDIT,BY TRANSFER-801089840598-,801089840598,18302010.04
BNK-000269,2026-07-14,78037.68,CREDIT,NEFT-BHATTTRA,306438223907,18380047.72
BNK-000383,2026-07-14,6529.85,CREDIT,BY TRANSFER-276885264634-,276885264634,18386577.57
BNK-000006,2026-07-15,93593.29,CREDIT,NEFT-BHATTTRA,181943055150,18480170.86
BNK-000011,2026-07-15,171776.19,CREDIT,BY TRANSFER-949417474642-,949417474642,18651947.05
BNK-000077,2026-07-15,12363.34,CREDIT,NEFT/AGARWDIS/INV-1045/YESB,253649823393,18664310.39
BNK-000086,2026-07-15,3261.49,CREDIT,IMPS-708378947938-PatelChe,708378947938,18667571.88
BNK-000110,2026-07-15,107955.56,CREDIT,UPI/717558192393/rastoinf@oksbinbank,717558192393,18775527.44
BNK-000164,2026-07-15,55009.75,CREDIT,BY TRANSFER-948625387388-,948625387388,18830537.19
BNK-000030,2026-07-16,65656.11,CREDIT,NEFT-DESHMPAC,853639215603,18896193.30
BNK-000135,2026-07-16,39014.40,CREDIT,UPI/263888072624/iyrsl@okicicbank,263888072624,18935207.70
BNK-000180,2026-07-16,26802.37,CREDIT,INB/319827046372/PAYMENT,319827046372,18962010.07
BNK-000247,2026-07-16,231339.59,CREDIT,BY TRANSFER-988338859852-,988338859852,19193349.66
BNK-000471,2026-07-16,54642.56,CREDIT,NEFT-ChhCh,700380742178,19247992.22
BNK-000472,2026-07-16,54642.56,CREDIT,NEFT/ChhCh/INV-1466/UTIB,256840374858,19302634.78
BNK-000481,2026-07-16,50264.76,CREDIT,BY TRANSFER-196044265163-,196044265163,19352899.54
BNK-000528,2026-07-16,12369.30,CREDIT,IMPS-927133801894-UNKNOWN REMITTER,927133801894,19365268.84
BNK-000031,2026-07-17,55976.81,CREDIT,NEFT-VenkaMot,456248545806,19421245.65
BNK-000219,2026-07-17,82526.20,CREDIT,CMS/INV-1199/SinhaAgr,543609013170,19503771.85
BNK-000292,2026-07-17,82922.22,CREDIT,NEFT-BHATTCHE,996190707872,19586694.07
BNK-000394,2026-07-17,198468.83,CREDIT,CMS/1389/AgarwLog,462492800655,19785162.90
BNK-000526,2026-07-17,45041.78,CREDIT,INT.PD:916973891358,916973891358,19830204.68
BNK-000204,2026-07-18,32831.04,CREDIT,CMS/INV-1182/DESHMLOG,536438122155,19863035.72
BNK-000267,2026-07-18,18407.41,CREDIT,CMS/INV-1246/IYERAGR,911152785639,19881443.13
BNK-000298,2026-07-18,79287.16,CREDIT,INB/710500564190/PAYMENT,710500564190,19960730.29
BNK-000299,2026-07-18,79287.16,CREDIT,INB/330776297561/PAYMENT,330776297561,20040017.45
BNK-000389,2026-07-18,11762.30,CREDIT,CMS/INV-1379/ChauhPol,571528259152,20051779.75
BNK-000450,2026-07-18,16263.12,CREDIT,INB/180789777478/PAYMENT,180789777478,20068042.87
BNK-000468,2026-07-18,37048.52,CREDIT,UPI/760849902258/agarwlog@okaxisbank,760849902258,20105091.39
BNK-000501,2026-07-18,27336.03,CREDIT,INT.PD:756611045914,756611045914,20132427.42
BNK-000097,2026-07-19,124945.21,CREDIT,BY TRANSFER-627114724183-,627114724183,20257372.63
BNK-000444,2026-07-19,34554.99,CREDIT,UPI/150270722195/malhopol@okicicbank,150270722195,20291927.62
BNK-000504,2026-07-19,70251.79,CREDIT,REV-795743955553-FAILED TXN,795743955553,20362179.41
BNK-000348,2026-07-20,41450.41,CREDIT,INB/682863133884/PAYMENT,682863133884,20403629.82
BNK-000365,2026-07-20,35086.08,CREDIT,IMPS-794557316656-MalhoTex,794557316656,20438715.90
BNK-000449,2026-07-20,12839.30,CREDIT,BY TRANSFER-357018064362-,357018064362,20451555.20
BNK-000463,2026-07-20,66481.90,CREDIT,RTGS ICIC940037938194 NAIRLOG,940037938194,20518037.10
BNK-000464,2026-07-20,66481.90,CREDIT,INB/786506554244/PAYMENT,786506554244,20584519.00
BNK-000020,2026-07-21,169025.07,CREDIT,NEFT-AGRWLG,814055234868,20753544.07
BNK-000023,2026-07-21,65868.56,CREDIT,IMPS-826277277792-AGARWDIS,826277277792,20819412.63
BNK-000208,2026-07-21,27008.48,CREDIT,NEFT-DSHMPC,827757913739,20846421.11
BNK-000411,2026-07-21,87317.82,CREDIT,NEFT-BHATTTRA,140876147220,20933738.93
BNK-000515,2026-07-21,88269.26,CREDIT,IMPS-124280666621-UNKNOWN REMITTER,124280666621,21022008.19
BNK-000024,2026-07-22,69290.99,CREDIT,IMPS-711860840154-AgarwDis,711860840154,21091299.18
BNK-000166,2026-07-22,11960.26,CREDIT,NEFT-BhattTra,141376336860,21103259.44
BNK-000259,2026-07-22,34190.69,CREDIT,INB/648980500149/PAYMENT,648980500149,21137450.13
BNK-000316,2026-07-22,52257.33,CREDIT,NEFT/RastoTex/INV-1302/ICIC,481338339729,21189707.46
BNK-000317,2026-07-22,52257.33,CREDIT,CMS/1302/RASTOTEX,742652282336,21241964.79
BNK-000017,2026-07-23,187999.70,CREDIT,IMPS-535093779727-IYERIND,535093779727,21429964.49
BNK-000158,2026-07-23,32361.58,CREDIT,BY TRANSFER-439158628550-,439158628550,21462326.07
BNK-000202,2026-07-23,74663.38,CREDIT,RTGS ICIC755067785164 AGARWDIS,755067785164,21536989.45
BNK-000271,2026-07-23,37690.18,CREDIT,BY TRANSFER-895464191479-,895464191479,21574679.63
BNK-000282,2026-07-23,32333.63,CREDIT,INB/620470967713/PAYMENT,620470967713,21607013.26
BNK-000300,2026-07-23,28217.55,CREDIT,NEFT/BHATTTRA/INV-1284/YESB,261328817191,21635230.81
BNK-000027,2026-07-24,206876.17,CREDIT,BY TRANSFER-162383714140-,162383714140,21842106.98
BNK-000102,2026-07-24,53971.38,CREDIT,INB/400699237200/PAYMENT,400699237200,21896078.36
BNK-000155,2026-07-24,73394.74,CREDIT,IMPS-382688563081-BOSETEX,382688563081,21969473.10
BNK-000197,2026-07-24,19512.42,CREDIT,RTGS PUNB124826334735 BHATTTRA,124826334735,21988985.52
BNK-000294,2026-07-24,4169.27,CREDIT,NEFT/BHTTTR/INV-1279/YESB,906801811689,21993154.79
BNK-000295,2026-07-24,4169.27,CREDIT,NEFT-BHATTTRA,563560761242,21997324.06
BNK-000362,2026-07-24,31706.27,CREDIT,RTGS HDFC814501333116 KULKAAGR,814501333116,22029030.33
BNK-000478,2026-07-24,15063.43,CREDIT,IMPS-105428022107-BHTTCH,105428022107,22044093.76
BNK-000124,2026-07-25,50762.45,CREDIT,IMPS-277205197954-VENKAPOL,277205197954,22094856.21
BNK-000222,2026-07-25,74225.92,CREDIT,UPI/675965740808/bosetex@okutibbank,675965740808,22169082.13
BNK-000321,2026-07-25,71006.50,CREDIT,NEFT-VENKASTE,669757703094,22240088.63
BNK-000359,2026-07-25,25807.70,CREDIT,IMPS-590690530833-BhattTra,590690530833,22265896.33
BNK-000452,2026-07-25,16062.12,CREDIT,RTGS YESB169271725660 PILLATEX,169271725660,22281958.45
BNK-000462,2026-07-25,30230.85,CREDIT,INB/735442429982/PAYMENT,735442429982,22312189.30
BNK-000021,2026-07-26,288022.66,CREDIT,BY TRANSFER-296377249572-,296377249572,22600211.96
BNK-000038,2026-07-26,33711.34,CREDIT,IMPS-282204728054-VENKAPOL,282204728054,22633923.30
BNK-000070,2026-07-26,148864.75,CREDIT,CMS/INV-1036/BHATTTRA,614359965148,22782788.05
BNK-000174,2026-07-26,323516.44,CREDIT,BY TRANSFER-982496993079-,982496993079,23106304.49
BNK-000318,2026-07-26,24208.04,CREDIT,CMS/INV-1303/ChauhSte,232143332087,23130512.53
BNK-000343,2026-07-26,20619.89,CREDIT,BY TRANSFER-397344808235-,397344808235,23151132.42
BNK-000358,2026-07-26,48002.20,CREDIT,IMPS-702531613637-VenkaMot,702531613637,23199134.62
BNK-000390,2026-07-26,173870.87,CREDIT,IMPS-589811241438-KULKAAGR,589811241438,23373005.49
BNK-000025,2026-07-27,109334.08,CREDIT,INB/173833879353/PAYMENT,173833879353,23482339.57
BNK-000079,2026-07-27,16753.98,CREDIT,IMPS-504702291368-VNKPL,504702291368,23499093.55
BNK-000261,2026-07-27,144697.21,CREDIT,INB/855442973904/PAYMENT,855442973904,23643790.76
BNK-000388,2026-07-27,18937.18,CREDIT,BY TRANSFER-582746913596-,582746913596,23662727.94
BNK-000063,2026-07-28,36547.79,CREDIT,INB/578403638810/PAYMENT,578403638810,23699275.73
BNK-000087,2026-07-28,7362.26,CREDIT,INB/659269621729/PAYMENT,659269621729,23706637.99
BNK-000184,2026-07-28,23042.56,CREDIT,RTGS HDFC661915877229 BOSESOL,661915877229,23729680.55
BNK-000238,2026-07-28,2539.90,CREDIT,IMPS-514329191467-BhattTra,514329191467,23732220.45
BNK-000245,2026-07-28,26984.89,CREDIT,UPI/605953496222/bhatttra@okicicbank,605953496222,23759205.34
BNK-000387,2026-07-28,43637.92,CREDIT,UPI/566284183143/bhatttra@okhdfcbank,566284183143,23802843.26
BNK-000392,2026-07-28,57411.24,CREDIT,BY TRANSFER-526654914312-,526654914312,23860254.50
BNK-000433,2026-07-28,42824.21,CREDIT,NEFT-MlhTx,854073830774,23903078.71
BNK-000507,2026-07-28,41424.69,CREDIT,REV-742973295717-FAILED TXN,742973295717,23944503.40
BNK-000012,2026-07-29,143146.47,CREDIT,NEFT-Bsgr,688686498792,24087649.87
BNK-000178,2026-07-29,77417.26,CREDIT,UPI/901063690898/malhopol@oksbinbank,901063690898,24165067.13
BNK-000314,2026-07-29,93580.64,CREDIT,RTGS KKBK677728252561 BSTX,677728252561,24258647.77
BNK-000399,2026-07-29,45827.84,CREDIT,NEFT/CHATTINF/INV-1398/AXIS,239571264562,24304475.61
BNK-000418,2026-07-29,53841.44,CREDIT,RTGS KKBK224997443574 TRIVECHE,224997443574,24358317.05
BNK-000474,2026-07-29,13072.59,CREDIT,UPI/769059020610/ptlch@oksbinbank,769059020610,24371389.64
BNK-000502,2026-07-29,4692.40,CREDIT,CHARGES GST @18%,187621736219,24376082.04
BNK-000514,2026-07-29,36757.21,CREDIT,REV-929828274000-FAILED TXN,929828274000,24412839.25
BNK-000015,2026-07-30,109883.87,CREDIT,BY TRANSFER-914511743802-,914511743802,24522723.12
BNK-000065,2026-07-30,14913.46,CREDIT,BY TRANSFER-408904616474-,408904616474,24537636.58
BNK-000088,2026-07-30,18665.28,CREDIT,NEFT-CHAUHSTE,858500296451,24556301.86
BNK-000274,2026-07-30,16970.43,CREDIT,BY TRANSFER-982371941482-,982371941482,24573272.29
BNK-000355,2026-07-30,15036.53,CREDIT,INB/445465133129/PAYMENT,445465133129,24588308.82
BNK-000402,2026-07-30,5162.19,CREDIT,NEFT-RASTOTEX,480265673862,24593471.01
BNK-000454,2026-07-30,38493.67,CREDIT,CMS/INV-1452/BOSESOL,405466174874,24631964.68
BNK-000100,2026-07-31,7557.82,CREDIT,NEFT-BOSETEX,643059157057,24639522.50
BNK-000230,2026-07-31,68955.37,CREDIT,RTGS UTIB246928730671 MALHOPOL,246928730671,24708477.87
BNK-000231,2026-07-31,68955.37,CREDIT,INB/289227080816/PAYMENT,289227080816,24777433.24
BNK-000244,2026-07-31,7554.73,CREDIT,NEFT-VenkaPol,462179180092,24784987.97
BNK-000028,2026-08-02,165044.91,CREDIT,BY TRANSFER-960973158064-,960973158064,24950032.88
BNK-000061,2026-08-02,6127.82,CREDIT,RTGS AXIS664036710706 PATELCHE,664036710706,24956160.70
BNK-000062,2026-08-02,6127.82,CREDIT,BY TRANSFER-674315997786-,674315997786,24962288.52
BNK-000194,2026-08-02,90057.35,CREDIT,NEFT-IyrSl,856591241790,25052345.87
BNK-000195,2026-08-02,90057.35,CREDIT,IMPS-324405215603-IYERSOL,324405215603,25142403.22
BNK-000308,2026-08-02,154024.25,CREDIT,NEFT-AGARWSTE,902920769510,25296427.47
BNK-000014,2026-08-03,207749.51,CREDIT,INB/474729410044/PAYMENT,474729410044,25504176.98
BNK-000059,2026-08-03,40778.43,CREDIT,INB/830124428635/PAYMENT,830124428635,25544955.41
BNK-000136,2026-08-03,88397.93,CREDIT,IMPS-553104350994-VENKATEX,553104350994,25633353.34
BNK-000143,2026-08-03,11460.22,CREDIT,IMPS-315182038138-AGARWPAC,315182038138,25644813.56
BNK-000145,2026-08-03,35063.15,CREDIT,IMPS-791145918127-BHTTTR,791145918127,25679876.71
BNK-000393,2026-08-03,67998.88,CREDIT,BY TRANSFER-451238117815-,451238117815,25747875.59
BNK-000404,2026-08-03,14301.47,CREDIT,CMS/INV-1401/BoseTex,668326603371,25762177.06
BNK-000008,2026-08-04,55247.71,CREDIT,INB/297803925998/PAYMENT,297803925998,25817424.77
BNK-000013,2026-08-04,160709.92,CREDIT,BY TRANSFER-231923389676-,231923389676,25978134.69
BNK-000055,2026-08-04,20677.68,CREDIT,RTGS YESB120259406138 CHHPL,120259406138,25998812.37
BNK-000198,2026-08-04,9708.50,CREDIT,INB/778917019569/PAYMENT,778917019569,26008520.87
BNK-000199,2026-08-04,9708.50,CREDIT,NEFT/CHATTPAC/INV-1178/AXIS,826756126020,26018229.37
BNK-000319,2026-08-04,44283.13,CREDIT,BY TRANSFER-880150527307-,880150527307,26062512.50
BNK-000431,2026-08-04,6791.06,CREDIT,IMPS-379342289695-VenkaMot,379342289695,26069303.56
BNK-000217,2026-08-05,73906.34,CREDIT,NEFT-REDDYTRA,816029387981,26143209.90
BNK-000339,2026-08-05,10689.01,CREDIT,CMS/1325/AgarwDis,339344388367,26153898.91
BNK-000460,2026-08-05,23530.62,CREDIT,NEFT-RASTOENT,640263527625,26177429.53
BNK-000002,2026-08-06,118036.82,CREDIT,BY TRANSFER-107175617233-,107175617233,26295466.35
BNK-000095,2026-08-06,28081.78,CREDIT,IMPS-486861829523-PILLAINF,486861829523,26323548.13
BNK-000161,2026-08-06,3065.53,CREDIT,NEFT/TRIVECHE/INV-1137/UTIB,292636463157,26326613.66
BNK-000201,2026-08-06,22248.93,CREDIT,RTGS HDFC901593570347 BHATTTRA,901593570347,26348862.59
BNK-000276,2026-08-06,43436.41,CREDIT,UPI/261394554824/iyersol@okutibbank,261394554824,26392299.00
BNK-000305,2026-08-06,18702.15,CREDIT,INB/877325521693/PAYMENT,877325521693,26411001.15
BNK-000415,2026-08-06,42878.76,CREDIT,IMPS-795406672000-BhattTra,795406672000,26453879.91
BNK-000442,2026-08-06,122280.84,CREDIT,BY TRANSFER-176686237425-,176686237425,26576160.75
BNK-000499,2026-08-06,152953.71,CREDIT,NEFT-AgarwPac,452094580123,26729114.46
BNK-000500,2026-08-06,152953.71,CREDIT,UPI/849748225074/agrwpc@okicicbank,849748225074,26882068.17
BNK-000386,2026-08-07,33049.75,CREDIT,IMPS-189141462115-BoseAgr,189141462115,26915117.92
BNK-000416,2026-08-07,78220.64,CREDIT,BY TRANSFER-491871342555-,491871342555,26993338.56
BNK-000016,2026-08-08,103202.00,CREDIT,INB/177371848608/PAYMENT,177371848608,27096540.56
BNK-000022,2026-08-09,113937.11,CREDIT,NEFT-VenkaTex,519879427510,27210477.67
BNK-000047,2026-08-09,34251.51,CREDIT,BY TRANSFER-469119709811-,469119709811,27244729.18
BNK-000378,2026-08-09,7779.41,CREDIT,UPI/460160148997/iyrsl@okutibbank,460160148997,27252508.59
BNK-000004,2026-08-10,129391.57,CREDIT,NEFT-BHATTTRA,205989706076,27381900.16
BNK-000033,2026-08-10,35562.27,CREDIT,NEFT-DSHMNT,538371127611,27417462.43
BNK-000364,2026-08-10,21929.98,CREDIT,BY TRANSFER-584240835623-,584240835623,27439392.41
BNK-000009,2026-08-11,28747.23,CREDIT,BY TRANSFER-204721147169-,204721147169,27468139.64
BNK-000385,2026-08-11,130710.05,CREDIT,IMPS-818630933516-BhttTr,818630933516,27598849.69
BNK-000232,2026-08-12,25722.54,CREDIT,NEFT/BOSEAGR/INV-1210/KKBK,955292339366,27624572.23
BNK-000251,2026-08-12,98367.63,CREDIT,NEFT/BHTTTR/1229/ICIC,178200063416,27722939.86
BNK-000258,2026-08-12,28259.00,CREDIT,UPI/626517960645/boseagr@okhdfcbank,626517960645,27751198.86
BNK-000428,2026-08-13,20467.40,CREDIT,NEFT-BhttTr,168597383514,27771666.26
BNK-000093,2026-08-14,3209.76,CREDIT,IMPS-590564768573-AGARWDIS,590564768573,27774876.02
BNK-000260,2026-08-14,9951.08,CREDIT,IMPS-850760591549-AGARWDIS,850760591549,27784827.10
BNK-000369,2026-08-14,56450.13,CREDIT,NEFT/IYRIND/1354/AXIS,282884010692,27841277.23
BNK-000368,2026-08-15,51206.46,CREDIT,RTGS HDFC534799358765 BHATTTRA,534799358765,27892483.69
BNK-000082,2026-08-16,53403.43,CREDIT,NEFT/CHATTAGR/INV-1049/HDFC,817795797359,27945887.12
BNK-000313,2026-08-17,46419.39,CREDIT,BY TRANSFER-679461296731-,679461296731,27992306.51
BNK-000322,2026-08-18,23004.10,CREDIT,IMPS-248074826086-IYRPC,248074826086,28015310.61
BNK-000432,2026-08-18,8608.18,CREDIT,NEFT-VENKAMOT,915976072525,28023918.79
BNK-000099,2026-08-19,9974.13,CREDIT,CMS/INV-1072/RASTOTEX,707949999894,28033892.92
BNK-000162,2026-08-19,4014.22,CREDIT,CMS/1137/TRVCH,529583680360,28037907.14
BNK-000412,2026-08-20,8752.41,CREDIT,CMS/INV-1413/RastoTex,975022958086,28046659.55
BNK-000479,2026-08-20,24892.61,CREDIT,IMPS-662491557432-BHATTCHE,662491557432,28071552.16
BNK-000073,2026-08-21,78804.06,CREDIT,NEFT-PillaTex,940900722992,28150356.22
BNK-000497,2026-08-21,4086.15,CREDIT,IMPS-948998855723-IyerInd,948998855723,28154442.37
BNK-000306,2026-08-22,35350.31,CREDIT,UPI/622181991218/bosesol@okpunbbank,622181991218,28189792.68
BNK-000129,2026-08-23,13050.07,CREDIT,RTGS ICIC110395939692 BOSETEX,110395939692,28202842.75
BNK-000226,2026-08-23,29602.16,CREDIT,INB/124012641763/PAYMENT,124012641763,28232444.91
BNK-000233,2026-08-23,51291.04,CREDIT,BY TRANSFER-110760453330-,110760453330,28283735.95
BNK-000443,2026-08-23,44565.38,CREDIT,INB/858170892403/PAYMENT,858170892403,28328301.33
BNK-000446,2026-08-27,16697.62,CREDIT,BY TRANSFER-478126768077-,478126768077,28344998.95
BNK-000400,2026-08-28,81471.71,CREDIT,NEFT/ChattInf/1398/AXIS,612244201666,28426470.66
BNK-000167,2026-08-31,18242.41,CREDIT,UPI/758108520428/bhtttr@okpunbbank,758108520428,28444713.07
BNK-000210,2026-09-02,34865.78,CREDIT,RTGS KKBK202285111874 BHATTTRA,202285111874,28479578.85
BNK-000461,2026-09-04,26366.72,CREDIT,INB/185011252543/PAYMENT,185011252543,28505945.57
BNK-000080,2026-09-05,10312.22,CREDIT,INB/440926395653/PAYMENT,440926395653,28516257.79
BNK-000185,2026-09-05,15490.15,CREDIT,BY TRANSFER-660327865567-,660327865567,28531747.94
BNK-000268,2026-09-08,24400.52,CREDIT,INB/941021848911/PAYMENT,941021848911,28556148.46
BNK-000049,2026-09-13,24729.25,CREDIT,NEFT-IyerInd,943399353824,28580877.71
BNK-000101,2026-09-15,4573.52,CREDIT,NEFT-BSTX,465571514736,28585451.23
BNK-000246,2026-09-15,23738.59,CREDIT,NEFT/BHATTTRA/INV-1225/ICIC,103875689605,28609189.82
