invoice_id,counterparty,counterparty_id,gross_amount,tds_applicable,tds_rate,issue_date,due_date,status
INV-1000,Venkat Polymers Pvt Ltd,CP-005,33725.57,False,0,2026-07-21,2026-08-05,OPEN
INV-1001,Bhatt Traders Ltd,CP-000,23463.84,False,0,2026-06-13,2026-06-28,OPEN
INV-1002,Bhatt Traders Ltd,CP-000,32335.03,False,0,2026-05-27,2026-06-11,OPEN
INV-1003,Bose Solutions Pvt Ltd,CP-016,38364.45,False,0,2026-07-02,2026-08-01,OPEN
INV-1004,Iyer Industries,CP-008,28583.64,False,0,2026-06-13,2026-07-13,OPEN
INV-1005,Deshmukh Logistics Pvt Ltd,CP-034,175613.16,False,0,2026-05-19,2026-06-03,OPEN
INV-1006,Deshmukh Enterprises,CP-026,16763.66,False,0,2026-05-12,2026-06-11,OPEN
INV-1007,Malhotra Textiles LLP,CP-010,106758.95,False,0,2026-05-29,2026-07-13,OPEN
INV-1008,Agarwal Distributors,CP-003,4151.98,False,0,2026-05-25,2026-06-24,OPEN
INV-1009,Sinha Agro & Co,CP-025,16736.20,False,0,2026-06-15,2026-06-30,OPEN
INV-1010,Venkat Textiles Pvt Ltd,CP-030,38057.23,False,0,2026-07-17,2026-08-16,OPEN
INV-1011,Bhatt Chemicals & Co,CP-032,68160.11,True,0.02,2026-06-16,2026-07-01,OPEN
INV-1012,Iyer Industries,CP-008,24729.25,False,0,2026-07-18,2026-08-17,OPEN
INV-1013,Reddy Traders Ltd,CP-045,20436.96,True,0.1,2026-07-24,2026-09-07,OPEN
INV-1014,Sinha Agro & Co,CP-025,38511.51,True,0.1,2026-07-21,2026-08-20,OPEN
INV-1015,Venkat Polymers Pvt Ltd,CP-005,22389.51,False,0,2026-05-20,2026-06-19,OPEN
INV-1016,Trivedi Packaging & Co,CP-031,24058.98,True,0.02,2026-05-17,2026-07-01,OPEN
INV-1017,Sinha Agro & Co,CP-025,40440.67,True,0.1,2026-06-11,2026-06-26,OPEN
INV-1018,Bhatt Traders Ltd,CP-000,155800.09,False,0,2026-07-06,2026-08-20,OPEN
INV-1019,Bhatt Traders Ltd,CP-000,13382.74,False,0,2026-06-26,2026-08-10,OPEN
INV-1020,Bhatt Traders Ltd,CP-000,70129.45,False,0,2026-06-30,2026-07-15,OPEN
INV-1021,Chauhan Polymers LLP,CP-012,22975.20,False,0,2026-07-11,2026-07-26,OPEN
INV-1022,Iyer Agro Pvt Ltd,CP-041,37199.26,False,0,2026-05-09,2026-06-23,OPEN
INV-1023,Venkat Steels & Co,CP-055,49251.23,False,0,2026-06-05,2026-07-20,OPEN
INV-1024,Trivedi Packaging & Co,CP-031,40778.43,False,0,2026-07-06,2026-08-05,OPEN
INV-1025,Patel Exports Ltd,CP-047,85859.32,True,0.02,2026-06-27,2026-07-27,OPEN
INV-1026,Venkat Textiles,CP-007,16829.31,True,0.1,2026-05-10,2026-05-25,OPEN
INV-1027,Patel Chemicals LLP,CP-043,6127.82,False,0,2026-07-24,2026-08-23,OPEN
INV-1028,Iyer Agro Pvt Ltd,CP-041,128162.21,True,0.02,2026-07-02,2026-07-17,OPEN
INV-1029,Rastogi Enterprises LLP,CP-022,144280.89,True,0.1,2026-06-23,2026-07-08,OPEN
INV-1030,Mehta Chemicals LLP,CP-023,36547.79,False,0,2026-06-12,2026-07-12,OPEN
INV-1031,Agarwal Packaging,CP-009,17485.79,False,0,2026-05-06,2026-05-21,OPEN
INV-1032,Iyer Solutions,CP-002,14913.46,False,0,2026-07-26,2026-08-25,OPEN
INV-1033,Venkat Polymers Pvt Ltd,CP-005,45091.93,False,0,2026-07-03,2026-07-18,OPEN
INV-1034,Iyer Solutions,CP-002,70714.23,True,0.02,2026-05-10,2026-06-24,OPEN
INV-1035,Bhatt Traders Ltd,CP-000,15622.32,True,0.02,2026-05-29,2026-06-28,OPEN
INV-1036,Bhatt Traders Ltd,CP-000,148864.75,False,0,2026-06-04,2026-06-19,OPEN
INV-1037,Malhotra Textiles LLP,CP-010,25502.14,True,0.02,2026-05-21,2026-06-05,OPEN
INV-1038,Trivedi Enterprises Ltd,CP-048,61308.28,True,0.02,2026-05-27,2026-06-26,OPEN
INV-1039,Bose Textiles Pvt Ltd,CP-004,44233.67,True,0.1,2026-06-30,2026-07-15,OPEN
INV-1040,Pillai Textiles,CP-018,78804.06,False,0,2026-07-09,2026-08-08,OPEN
INV-1041,Chauhan Textiles LLP,CP-054,27497.53,True,0.02,2026-05-30,2026-06-29,OPEN
INV-1042,Chatterjee Infotech Pvt Ltd,CP-058,112449.64,True,0.1,2026-05-08,2026-06-22,OPEN
INV-1043,Bose Agro,CP-019,25737.23,True,0.02,2026-06-07,2026-06-22,OPEN
INV-1044,Iyer Solutions,CP-002,12024.60,False,0,2026-06-12,2026-07-27,OPEN
INV-1045,Agarwal Distributors,CP-003,23549.21,False,0,2026-06-12,2026-07-12,OPEN
INV-1046,Iyer Solutions,CP-002,55293.23,True,0.02,2026-05-01,2026-05-16,OPEN
INV-1047,Venkat Polymers Pvt Ltd,CP-005,27066.20,False,0,2026-07-14,2026-07-29,OPEN
INV-1048,Pillai Textiles,CP-018,31158.98,True,0.02,2026-07-03,2026-07-18,OPEN
INV-1049,Chatterjee Agro,CP-033,79351.31,False,0,2026-06-24,2026-08-08,OPEN
INV-1050,Bhatt Traders Ltd,CP-000,43217.82,False,0,2026-05-03,2026-06-17,OPEN
INV-1051,Venkat Textiles Pvt Ltd,CP-030,51079.42,True,0.1,2026-05-06,2026-05-21,OPEN
INV-1052,Venkat Polymers Pvt Ltd,CP-005,37083.45,False,0,2026-05-03,2026-06-17,OPEN
INV-1053,Iyer Solutions,CP-002,20505.09,False,0,2026-05-09,2026-06-23,OPEN
INV-1054,Patel Chemicals LLP,CP-043,10623.75,True,0.02,2026-06-30,2026-07-30,OPEN
INV-1055,Iyer Solutions,CP-002,67150.97,False,0,2026-07-23,2026-08-22,OPEN
INV-1056,Agarwal Chemicals & Co,CP-036,28439.17,False,0,2026-07-20,2026-08-04,OPEN
INV-1057,Chauhan Steels LLP,CP-014,19046.20,True,0.02,2026-07-28,2026-08-12,OPEN
INV-1058,Iyer Industries,CP-008,18076.65,False,0,2026-05-13,2026-06-27,OPEN
INV-1059,Iyer Industries,CP-008,63030.89,False,0,2026-06-29,2026-07-14,OPEN
INV-1060,Chatterjee Infotech Pvt Ltd,CP-058,44805.36,False,0,2026-05-11,2026-05-26,OPEN
INV-1061,Agarwal Distributors,CP-003,10663.67,False,0,2026-06-27,2026-07-27,OPEN
INV-1062,Agarwal Logistics,CP-001,95955.25,True,0.1,2026-07-14,2026-08-13,OPEN
INV-1063,Bhatt Traders Ltd,CP-000,109799.91,False,0,2026-05-15,2026-05-30,OPEN
INV-1064,Agarwal Packaging,CP-009,104660.31,True,0.1,2026-05-21,2026-07-05,OPEN
INV-1065,Venkat Textiles,CP-007,28117.46,False,0,2026-06-14,2026-06-29,OPEN
INV-1066,Kulkarni Agro Pvt Ltd,CP-035,72765.97,False,0,2026-05-26,2026-07-10,OPEN
INV-1067,Agarwal Distributors,CP-003,28999.55,True,0.1,2026-07-15,2026-08-14,OPEN
INV-1068,Pillai Infotech Ltd,CP-037,28081.78,True,0.02,2026-07-24,2026-08-08,OPEN
INV-1069,Chauhan Textiles LLP,CP-054,34757.89,False,0,2026-06-17,2026-07-17,OPEN
INV-1070,Iyer Agro Pvt Ltd,CP-041,147997.17,False,0,2026-07-10,2026-08-24,OPEN
INV-1071,Bhatt Traders Ltd,CP-000,124996.93,False,0,2026-07-18,2026-09-01,OPEN
INV-1072,Rastogi Textiles Ltd,CP-039,31169.16,True,0.1,2026-07-10,2026-08-09,OPEN
INV-1073,Bose Textiles Pvt Ltd,CP-004,12131.34,True,0.02,2026-07-23,2026-08-22,OPEN
INV-1074,Iyer Industries,CP-008,53971.38,True,0.02,2026-07-22,2026-09-05,OPEN
INV-1075,Malhotra Polymers Ltd,CP-044,39903.19,False,0,2026-06-12,2026-07-12,OPEN
INV-1076,Nair Logistics,CP-006,44249.65,True,0.02,2026-05-23,2026-06-22,OPEN
INV-1077,Iyer Solutions,CP-002,16867.09,False,0,2026-05-03,2026-06-02,OPEN
INV-1078,Venkat Polymers Pvt Ltd,CP-005,64891.60,True,0.02,2026-06-04,2026-07-04,OPEN
INV-1079,Iyer Solutions,CP-002,40707.02,True,0.02,2026-05-28,2026-06-27,OPEN
INV-1080,Venkat Polymers Pvt Ltd,CP-005,6535.35,True,0.1,2026-05-03,2026-06-17,OPEN
INV-1081,Reddy Logistics,CP-027,39460.26,False,0,2026-07-07,2026-08-06,OPEN
INV-1082,Iyer Solutions,CP-002,19656.79,False,0,2026-07-06,2026-07-21,OPEN
INV-1083,Rastogi Infotech Ltd,CP-049,105957.99,True,0.02,2026-06-28,2026-07-13,OPEN
INV-1084,Patel Distributors Ltd,CP-029,55419.26,False,0,2026-05-17,2026-07-01,OPEN
INV-1085,Bose Solutions Pvt Ltd,CP-016,56688.58,True,0.02,2026-05-10,2026-06-09,OPEN
INV-1086,Iyer Solutions,CP-002,24342.69,False,0,2026-06-01,2026-06-16,OPEN
INV-1087,Agarwal Steels LLP,CP-011,11665.38,True,0.02,2026-07-23,2026-08-07,OPEN
INV-1088,Agarwal Packaging,CP-009,63859.36,True,0.1,2026-06-02,2026-07-02,OPEN
INV-1089,Agarwal Logistics,CP-001,13538.55,False,0,2026-06-23,2026-07-23,OPEN
INV-1090,Agarwal Logistics,CP-001,232858.77,True,0.1,2026-07-04,2026-07-19,OPEN
INV-1091,Agarwal Distributors,CP-003,76292.94,True,0.1,2026-05-29,2026-06-13,OPEN
INV-1092,Mehta Traders LLP,CP-051,39813.19,False,0,2026-05-29,2026-07-13,OPEN
INV-1093,Bhatt Traders Ltd,CP-000,261641.01,True,0.02,2026-05-07,2026-06-06,OPEN
INV-1094,Bhatt Traders Ltd,CP-000,13102.52,False,0,2026-06-10,2026-06-25,OPEN
INV-1095,Trivedi Enterprises Ltd,CP-048,29036.41,False,0,2026-07-07,2026-07-22,OPEN
INV-1096,Agarwal Distributors,CP-003,349079.06,False,0,2026-06-12,2026-06-27,OPEN
INV-1097,Bhatt Traders Ltd,CP-000,23760.53,False,0,2026-05-16,2026-05-31,OPEN
INV-1098,Venkat Polymers Pvt Ltd,CP-005,73144.74,True,0.1,2026-06-25,2026-07-10,OPEN
INV-1099,Bose Textiles Pvt Ltd,CP-004,89557.62,False,0,2026-06-16,2026-07-16,OPEN
INV-1100,Bhatt Traders Ltd,CP-000,19305.23,True,0.02,2026-06-21,2026-07-21,OPEN
INV-1101,Bhatt Traders Ltd,CP-000,96081.30,False,0,2026-05-09,2026-06-08,OPEN
INV-1102,Bose Textiles Pvt Ltd,CP-004,13050.07,False,0,2026-07-16,2026-08-30,OPEN
INV-1103,Nair Traders Pvt Ltd,CP-050,31682.03,False,0,2026-06-02,2026-07-02,OPEN
INV-1104,Bhatt Traders Ltd,CP-000,39919.17,False,0,2026-06-08,2026-06-23,OPEN
INV-1105,Chauhan Steels LLP,CP-014,27153.73,False,0,2026-06-16,2026-07-31,OPEN
INV-1106,Bhatt Traders Ltd,CP-000,6055.96,False,0,2026-06-01,2026-07-16,OPEN
INV-1107,Bhatt Traders Ltd,CP-000,45271.76,False,0,2026-06-24,2026-07-09,OPEN
INV-1108,Iyer Solutions,CP-002,39810.61,True,0.02,2026-06-27,2026-07-27,OPEN
INV-1109,Venkat Textiles,CP-007,88397.93,False,0,2026-07-08,2026-08-22,OPEN
INV-1110,Deshmukh Enterprises,CP-026,73993.28,False,0,2026-06-05,2026-07-05,OPEN
INV-1111,Iyer Solutions,CP-002,20742.29,True,0.02,2026-05-24,2026-06-23,OPEN
INV-1112,Iyer Agro Pvt Ltd,CP-041,48021.91,True,0.02,2026-06-20,2026-08-04,OPEN
INV-1113,Malhotra Textiles LLP,CP-010,51889.28,False,0,2026-06-29,2026-07-14,OPEN
INV-1114,Bhatt Traders Ltd,CP-000,86572.55,False,0,2026-06-27,2026-07-12,OPEN
INV-1115,Rastogi Traders,CP-040,98883.25,False,0,2026-05-25,2026-06-24,OPEN
INV-1116,Agarwal Packaging,CP-009,11460.22,False,0,2026-07-25,2026-08-09,OPEN
INV-1117,Bose Solutions Pvt Ltd,CP-016,66031.98,False,0,2026-05-05,2026-05-20,OPEN
INV-1118,Bhatt Traders Ltd,CP-000,32090.86,True,0.02,2026-07-19,2026-08-03,OPEN
INV-1119,Venkat Textiles Pvt Ltd,CP-030,43442.37,False,0,2026-05-13,2026-06-27,OPEN
INV-1120,Agarwal Steels LLP,CP-011,50840.38,False,0,2026-05-21,2026-06-20,OPEN
INV-1121,Nair Logistics,CP-006,24755.15,True,0.1,2026-05-07,2026-06-06,OPEN
INV-1122,Nair Logistics,CP-006,30884.78,True,0.02,2026-06-21,2026-07-21,OPEN
INV-1123,Patel Chemicals LLP,CP-043,20840.52,False,0,2026-06-21,2026-07-21,OPEN
INV-1124,Venkat Textiles,CP-007,50085.64,True,0.1,2026-06-20,2026-08-04,OPEN
INV-1125,Agarwal Packaging,CP-009,18716.21,True,0.02,2026-07-06,2026-07-21,OPEN
INV-1126,Venkat Polymers Pvt Ltd,CP-005,263931.51,True,0.02,2026-05-26,2026-06-25,OPEN
INV-1127,Agarwal Distributors,CP-003,63389.73,False,0,2026-05-12,2026-06-26,OPEN
INV-1128,Venkat Motors & Co,CP-020,215137.01,False,0,2026-05-29,2026-07-13,OPEN
INV-1129,Agarwal Chemicals & Co,CP-036,74762.83,True,0.02,2026-05-28,2026-06-27,OPEN
INV-1130,Bose Textiles Pvt Ltd,CP-004,73394.74,False,0,2026-07-11,2026-08-25,OPEN
INV-1131,Bhatt Traders Ltd,CP-000,72537.51,False,0,2026-07-16,2026-08-30,OPEN
INV-1132,Venkat Traders & Co,CP-028,55972.14,False,0,2026-06-01,2026-07-16,OPEN
INV-1133,Bose Textiles Pvt Ltd,CP-004,40405.76,False,0,2026-05-01,2026-05-31,OPEN
INV-1134,Venkat Textiles,CP-007,32361.58,False,0,2026-06-28,2026-07-28,OPEN
INV-1135,Venkat Polymers Pvt Ltd,CP-005,14157.72,True,0.1,2026-06-16,2026-07-31,OPEN
INV-1136,Agarwal Packaging,CP-009,96517.17,False,0,2026-05-07,2026-06-06,OPEN
INV-1137,Trivedi Chemicals Pvt Ltd,CP-017,7079.75,False,0,2026-07-28,2026-08-12,OPEN
INV-1138,Bhatt Traders Ltd,CP-000,92618.30,False,0,2026-05-22,2026-07-06,OPEN
INV-1139,Trivedi Enterprises Ltd,CP-048,14278.69,True,0.1,2026-06-02,2026-07-02,OPEN
INV-1140,Bhatt Traders Ltd,CP-000,41888.06,False,0,2026-05-27,2026-07-11,OPEN
INV-1141,Agarwal Packaging,CP-009,30030.77,False,0,2026-05-24,2026-07-08,OPEN
INV-1142,Rastogi Infotech Ltd,CP-049,569517.12,False,0,2026-05-22,2026-06-21,OPEN
INV-1143,Bhatt Traders Ltd,CP-000,45726.08,False,0,2026-06-16,2026-07-16,OPEN
INV-1144,Agarwal Steels LLP,CP-011,114932.91,True,0.1,2026-05-14,2026-06-28,OPEN
INV-1145,Venkat Textiles Pvt Ltd,CP-030,48373.26,False,0,2026-05-11,2026-05-26,OPEN
INV-1146,Iyer Packaging,CP-015,109640.74,True,0.1,2026-07-06,2026-08-20,OPEN
INV-1147,Bhatt Traders Ltd,CP-000,55027.58,False,0,2026-07-05,2026-07-20,OPEN
INV-1148,Bhatt Traders Ltd,CP-000,11921.08,True,0.1,2026-05-03,2026-06-02,OPEN
INV-1149,Bhatt Traders Ltd,CP-000,30202.67,True,0.02,2026-07-14,2026-07-29,OPEN
INV-1150,Bose Textiles Pvt Ltd,CP-004,73332.91,False,0,2026-05-02,2026-05-17,OPEN
INV-1151,Rastogi Enterprises LLP,CP-022,37010.56,False,0,2026-05-19,2026-06-18,OPEN
INV-1152,Venkat Polymers Pvt Ltd,CP-005,66925.43,False,0,2026-06-14,2026-07-29,OPEN
INV-1153,Venkat Textiles,CP-007,8929.70,True,0.02,2026-06-21,2026-07-06,OPEN
INV-1154,Reddy Traders Ltd,CP-045,8310.27,False,0,2026-07-24,2026-08-08,OPEN
INV-1155,Nair Logistics,CP-006,43429.58,False,0,2026-07-22,2026-09-05,OPEN
INV-1156,Agarwal Logistics,CP-001,26354.63,False,0,2026-05-07,2026-06-21,OPEN
INV-1157,Patel Distributors Ltd,CP-029,323516.44,True,0.1,2026-06-29,2026-07-14,OPEN
INV-1158,Agarwal Logistics,CP-001,18145.14,True,0.1,2026-05-05,2026-06-19,OPEN
INV-1159,Bhatt Traders Ltd,CP-000,77186.42,False,0,2026-07-27,2026-09-10,OPEN
INV-1160,Chauhan Textiles LLP,CP-054,40693.14,False,0,2026-05-31,2026-06-15,OPEN
INV-1161,Nair Traders Pvt Ltd,CP-050,70587.24,True,0.02,2026-06-19,2026-07-19,OPEN
INV-1162,Malhotra Polymers Ltd,CP-044,77417.26,False,0,2026-07-25,2026-09-08,OPEN
INV-1163,Iyer Industries,CP-008,227426.18,False,0,2026-05-04,2026-06-18,OPEN
INV-1164,Iyer Solutions,CP-002,26802.37,False,0,2026-07-12,2026-07-27,OPEN
INV-1165,Bhatt Traders Ltd,CP-000,8224.49,True,0.02,2026-05-21,2026-07-05,OPEN
INV-1166,Bhatt Traders Ltd,CP-000,79396.57,True,0.1,2026-05-06,2026-05-21,OPEN
INV-1167,Chatterjee Agro,CP-033,18700.06,True,0.02,2026-05-15,2026-06-29,OPEN
INV-1168,Bose Solutions Pvt Ltd,CP-016,38532.71,True,0.1,2026-07-22,2026-08-21,OPEN
INV-1169,Nair Logistics,CP-006,12320.87,False,0,2026-06-17,2026-08-01,OPEN
INV-1170,Agarwal Packaging,CP-009,166247.01,False,0,2026-05-04,2026-05-19,OPEN
INV-1171,Nair Logistics,CP-006,76522.17,False,0,2026-05-07,2026-05-22,OPEN
INV-1172,Rastogi Enterprises LLP,CP-022,131884.52,True,0.02,2026-06-06,2026-07-21,OPEN
INV-1173,Agarwal Logistics,CP-001,37620.43,False,0,2026-05-24,2026-07-08,OPEN
INV-1174,Bose Textiles Pvt Ltd,CP-004,80249.70,True,0.02,2026-05-21,2026-07-05,OPEN
INV-1175,Iyer Solutions,CP-002,90057.35,False,0,2026-07-29,2026-08-13,OPEN
INV-1176,Bose Solutions Pvt Ltd,CP-016,27658.05,False,0,2026-06-20,2026-08-04,OPEN
INV-1177,Bhatt Traders Ltd,CP-000,21680.47,False,0,2026-07-09,2026-08-08,OPEN
INV-1178,Chatterjee Packaging & Co,CP-056,9708.50,False,0,2026-07-28,2026-09-11,OPEN
INV-1179,Bhatt Traders Ltd,CP-000,52227.54,False,0,2026-06-27,2026-08-11,OPEN
INV-1180,Agarwal Distributors,CP-003,33424.88,False,0,2026-06-02,2026-06-17,OPEN
INV-1181,Agarwal Distributors,CP-003,82959.31,True,0.1,2026-07-04,2026-08-18,OPEN
INV-1182,Deshmukh Logistics Pvt Ltd,CP-034,77249.51,False,0,2026-06-01,2026-07-16,OPEN
INV-1183,Malhotra Textiles LLP,CP-010,18413.86,True,0.02,2026-05-25,2026-06-09,OPEN
INV-1184,Pillai Traders & Co,CP-053,14781.72,False,0,2026-05-19,2026-07-03,OPEN
INV-1185,Agarwal Distributors,CP-003,27117.67,True,0.1,2026-05-14,2026-06-13,OPEN
INV-1186,Bhatt Traders Ltd,CP-000,19034.52,True,0.1,2026-07-28,2026-08-27,OPEN
INV-1187,Bhatt Traders Ltd,CP-000,9584.83,False,0,2026-05-01,2026-05-31,OPEN
INV-1188,Deshmukh Packaging Ltd,CP-021,58842.01,False,0,2026-05-30,2026-07-14,OPEN
INV-1189,Rastogi Traders,CP-040,164519.11,False,0,2026-05-30,2026-07-14,OPEN
INV-1190,Bhatt Traders Ltd,CP-000,34865.78,True,0.1,2026-07-29,2026-08-13,OPEN
INV-1191,Patel Distributors Ltd,CP-029,97590.12,False,0,2026-06-02,2026-07-02,OPEN
INV-1192,Venkat Textiles,CP-007,55148.30,False,0,2026-07-26,2026-08-10,OPEN
INV-1193,Bose Motors & Co,CP-042,17825.00,True,0.02,2026-05-28,2026-07-12,OPEN
INV-1194,Bose Textiles Pvt Ltd,CP-004,107659.39,False,0,2026-05-27,2026-07-11,OPEN
INV-1195,Bhatt Traders Ltd,CP-000,82200.06,False,0,2026-06-13,2026-07-13,OPEN
INV-1196,Agarwal Logistics,CP-001,64122.49,False,0,2026-05-16,2026-06-30,OPEN
INV-1197,Bose Textiles Pvt Ltd,CP-004,15624.60,True,0.02,2026-06-21,2026-07-21,OPEN
INV-1198,Reddy Traders Ltd,CP-045,73906.34,True,0.02,2026-07-14,2026-08-13,OPEN
INV-1199,Sinha Agro & Co,CP-025,168765.24,False,0,2026-05-29,2026-06-28,OPEN
INV-1200,Venkat Textiles,CP-007,10678.44,False,0,2026-05-29,2026-06-13,OPEN
INV-1201,Bose Textiles Pvt Ltd,CP-004,130909.92,False,0,2026-06-22,2026-07-22,OPEN
INV-1202,Deshmukh Enterprises,CP-026,114602.47,False,0,2026-06-30,2026-07-15,OPEN
INV-1203,Iyer Solutions,CP-002,31064.56,False,0,2026-06-24,2026-07-24,OPEN
INV-1204,Bhatt Traders Ltd,CP-000,64628.39,False,0,2026-06-01,2026-07-01,OPEN
INV-1205,Iyer Industries,CP-008,29602.16,False,0,2026-07-24,2026-08-08,OPEN
INV-1206,Patel Exports Ltd,CP-047,66848.10,False,0,2026-06-14,2026-06-29,OPEN
INV-1207,Pillai Textiles,CP-018,24762.64,True,0.02,2026-06-07,2026-07-22,OPEN
INV-1208,Bhatt Traders Ltd,CP-000,6384.00,False,0,2026-06-14,2026-06-29,OPEN
INV-1209,Malhotra Polymers Ltd,CP-044,68955.37,False,0,2026-07-28,2026-08-12,OPEN
INV-1210,Bose Agro,CP-019,77013.58,True,0.02,2026-07-28,2026-09-11,OPEN
INV-1211,Kulkarni Agro Pvt Ltd,CP-035,54143.66,True,0.02,2026-05-16,2026-05-31,OPEN
INV-1212,Iyer Industries,CP-008,47633.24,False,0,2026-05-19,2026-06-03,OPEN
INV-1213,Agarwal Packaging,CP-009,62645.34,True,0.1,2026-05-01,2026-05-31,OPEN
INV-1214,Deshmukh Packaging Ltd,CP-021,39924.47,False,0,2026-06-29,2026-07-29,OPEN
INV-1215,Deshmukh Distributors,CP-059,55910.01,False,0,2026-06-16,2026-07-01,OPEN
INV-1216,Bhatt Traders Ltd,CP-000,11904.73,True,0.1,2026-05-19,2026-07-03,OPEN
INV-1217,Bhatt Traders Ltd,CP-000,6397.73,False,0,2026-06-13,2026-07-28,OPEN
INV-1218,Agarwal Steels LLP,CP-011,97668.70,False,0,2026-06-13,2026-07-28,OPEN
INV-1219,Bhatt Traders Ltd,CP-000,24224.79,False,0,2026-07-03,2026-08-17,OPEN
INV-1220,Patel Chemicals,CP-057,96654.95,False,0,2026-05-27,2026-06-11,OPEN
INV-1221,Agarwal Distributors,CP-003,26823.07,False,0,2026-07-15,2026-07-30,OPEN
INV-1222,Patel Distributors Ltd,CP-029,148692.47,False,0,2026-05-07,2026-05-22,OPEN
INV-1223,Bhatt Traders Ltd,CP-000,65557.84,False,0,2026-07-04,2026-08-18,OPEN
INV-1224,Venkat Polymers Pvt Ltd,CP-005,7554.73,False,0,2026-07-28,2026-09-11,OPEN
INV-1225,Bhatt Traders Ltd,CP-000,50723.48,True,0.02,2026-07-24,2026-08-23,OPEN
INV-1226,Venkat Traders & Co,CP-028,257043.99,False,0,2026-06-17,2026-07-02,OPEN
INV-1227,Patel Distributors Ltd,CP-029,45671.19,True,0.02,2026-06-08,2026-07-08,OPEN
INV-1228,Bhatt Traders Ltd,CP-000,51167.12,False,0,2026-05-07,2026-06-21,OPEN
INV-1229,Bhatt Traders Ltd,CP-000,167576.88,True,0.1,2026-06-27,2026-08-11,OPEN
INV-1230,Trivedi Logistics,CP-013,37627.35,True,0.1,2026-05-14,2026-05-29,OPEN
INV-1231,Patel Chemicals LLP,CP-043,56495.95,False,0,2026-05-02,2026-05-17,OPEN
INV-1232,Patel Chemicals,CP-057,81468.90,True,0.02,2026-05-16,2026-06-15,OPEN
INV-1233,Mehta Chemicals LLP,CP-023,9013.82,False,0,2026-05-24,2026-06-23,OPEN
INV-1234,Venkat Traders & Co,CP-028,393058.99,True,0.1,2026-05-11,2026-06-10,OPEN
INV-1235,Bose Agro,CP-019,85374.63,True,0.02,2026-06-19,2026-07-19,OPEN
INV-1236,Iyer Packaging,CP-015,77907.11,True,0.02,2026-05-22,2026-06-21,OPEN
INV-1237,Mehta Traders LLP,CP-051,34190.69,False,0,2026-06-27,2026-08-11,OPEN
INV-1238,Agarwal Distributors,CP-003,16340.04,False,0,2026-07-23,2026-09-06,OPEN
INV-1239,Agarwal Distributors,CP-003,144697.21,False,0,2026-06-09,2026-06-24,OPEN
INV-1240,Venkat Polymers Pvt Ltd,CP-005,82173.96,False,0,2026-05-30,2026-06-29,OPEN
INV-1241,Venkat Motors & Co,CP-020,27544.02,False,0,2026-05-21,2026-06-05,OPEN
INV-1242,Agarwal Distributors,CP-003,55901.74,True,0.02,2026-07-03,2026-08-17,OPEN
INV-1243,Agarwal Steels LLP,CP-011,71272.06,True,0.02,2026-05-30,2026-07-14,OPEN
INV-1244,Venkat Polymers Pvt Ltd,CP-005,45919.40,False,0,2026-06-19,2026-07-04,OPEN
INV-1245,Malhotra Textiles LLP,CP-010,31613.46,False,0,2026-06-20,2026-07-20,OPEN
INV-1246,Iyer Agro Pvt Ltd,CP-041,42807.93,True,0.02,2026-07-15,2026-07-30,OPEN
INV-1247,Bhatt Traders Ltd,CP-000,78037.68,False,0,2026-07-13,2026-08-12,OPEN
INV-1248,Venkat Traders & Co,CP-028,83385.36,False,0,2026-07-03,2026-07-18,OPEN
INV-1249,Bose Textiles Pvt Ltd,CP-004,37741.56,False,0,2026-06-10,2026-07-10,OPEN
INV-1250,Iyer Solutions,CP-002,48175.01,False,0,2026-05-27,2026-07-11,OPEN
INV-1251,Iyer Industries,CP-008,46188.18,False,0,2026-06-05,2026-07-05,OPEN
INV-1252,Reddy Logistics,CP-027,22845.01,True,0.02,2026-05-11,2026-06-25,OPEN
INV-1253,Bose Textiles Pvt Ltd,CP-004,74496.41,False,0,2026-05-09,2026-06-23,OPEN
INV-1254,Venkat Polymers Pvt Ltd,CP-005,16970.43,True,0.1,2026-07-22,2026-08-06,OPEN
INV-1255,Venkat Textiles,CP-007,15409.35,True,0.02,2026-06-15,2026-06-30,OPEN
INV-1256,Iyer Solutions,CP-002,43436.41,True,0.02,2026-07-01,2026-07-31,OPEN
INV-1257,Deshmukh Enterprises,CP-026,18761.79,True,0.1,2026-07-23,2026-08-22,OPEN
INV-1258,Iyer Solutions,CP-002,13110.76,False,0,2026-05-22,2026-06-06,OPEN
INV-1259,Reddy Traders Ltd,CP-045,125234.19,False,0,2026-05-25,2026-06-09,OPEN
INV-1260,Patel Exports Ltd,CP-047,14673.12,False,0,2026-05-13,2026-06-12,OPEN
INV-1261,Agarwal Chemicals & Co,CP-036,57635.92,True,0.02,2026-06-13,2026-07-13,OPEN
INV-1262,Bhatt Traders Ltd,CP-000,29447.50,True,0.1,2026-05-08,2026-06-22,OPEN
INV-1263,Bose Motors & Co,CP-042,35926.26,False,0,2026-06-23,2026-07-08,OPEN
INV-1264,Bhatt Traders Ltd,CP-000,46901.93,True,0.02,2026-05-22,2026-06-21,OPEN
INV-1265,Venkat Textiles,CP-007,38869.67,True,0.02,2026-07-05,2026-08-19,OPEN
INV-1266,Iyer Industries,CP-008,25727.40,False,0,2026-05-26,2026-06-25,OPEN
INV-1267,Chatterjee Infotech Pvt Ltd,CP-058,16740.11,True,0.1,2026-05-21,2026-06-05,OPEN
INV-1268,Chatterjee Packaging & Co,CP-056,30161.68,False,0,2026-05-01,2026-06-15,OPEN
INV-1269,Iyer Solutions,CP-002,32044.09,True,0.02,2026-06-22,2026-07-07,OPEN
INV-1270,Agarwal Chemicals & Co,CP-036,41916.76,True,0.02,2026-05-23,2026-06-07,OPEN
INV-1271,Bose Motors & Co,CP-042,178629.26,True,0.02,2026-05-23,2026-07-07,OPEN
INV-1272,Agarwal Distributors,CP-003,48534.90,False,0,2026-05-08,2026-06-07,OPEN
INV-1273,Bose Textiles Pvt Ltd,CP-004,39697.74,True,0.1,2026-07-01,2026-07-16,OPEN
INV-1274,Agarwal Logistics,CP-001,90129.53,False,0,2026-05-21,2026-07-05,OPEN
INV-1275,Chauhan Steels LLP,CP-014,33763.31,False,0,2026-05-16,2026-05-31,OPEN
INV-1276,Bhatt Chemicals & Co,CP-032,92135.80,False,0,2026-06-18,2026-07-03,OPEN
INV-1277,Agarwal Distributors,CP-003,36869.01,True,0.02,2026-07-08,2026-07-23,OPEN
INV-1278,Agarwal Logistics,CP-001,23237.28,False,0,2026-06-02,2026-06-17,OPEN
INV-1279,Bhatt Traders Ltd,CP-000,4169.27,False,0,2026-07-21,2026-09-04,OPEN
INV-1280,Iyer Solutions,CP-002,35148.67,False,0,2026-05-13,2026-05-28,OPEN
INV-1281,Iyer Solutions,CP-002,35204.35,True,0.02,2026-06-05,2026-07-05,OPEN
INV-1282,Iyer Agro Pvt Ltd,CP-041,43613.98,True,0.1,2026-05-30,2026-07-14,OPEN
INV-1283,Venkat Polymers Pvt Ltd,CP-005,79287.16,False,0,2026-07-16,2026-08-30,OPEN
INV-1284,Bhatt Traders Ltd,CP-000,28217.55,False,0,2026-06-12,2026-07-27,OPEN
INV-1285,Trivedi Packaging & Co,CP-031,75856.76,True,0.1,2026-06-15,2026-07-30,OPEN
INV-1286,Bose Solutions Pvt Ltd,CP-016,25690.95,True,0.02,2026-05-09,2026-06-23,OPEN
INV-1287,Bose Agro,CP-019,19308.45,False,0,2026-06-20,2026-07-20,OPEN
INV-1288,Bose Solutions Pvt Ltd,CP-016,54052.46,False,0,2026-07-26,2026-09-09,OPEN
INV-1289,Agarwal Steels LLP,CP-011,226394.96,True,0.02,2026-06-02,2026-07-02,OPEN
INV-1290,Iyer Solutions,CP-002,30255.89,False,0,2026-05-08,2026-06-22,OPEN
INV-1291,Patel Chemicals LLP,CP-043,8385.57,False,0,2026-05-19,2026-07-03,OPEN
INV-1292,Bhatt Traders Ltd,CP-000,23459.12,True,0.02,2026-06-06,2026-07-21,OPEN
INV-1293,Agarwal Steels LLP,CP-011,154024.25,True,0.1,2026-07-12,2026-07-27,OPEN
INV-1294,Agarwal Steels LLP,CP-011,5998.80,False,0,2026-06-08,2026-07-08,OPEN
INV-1295,Chatterjee Agro,CP-033,13537.02,False,0,2026-05-25,2026-06-24,OPEN
INV-1296,Chauhan Textiles LLP,CP-054,4871.20,False,0,2026-05-21,2026-06-05,OPEN
INV-1297,Agarwal Distributors,CP-003,27747.91,True,0.02,2026-05-28,2026-06-12,OPEN
INV-1298,Agarwal Steels LLP,CP-011,51577.10,True,0.1,2026-07-24,2026-08-23,OPEN
INV-1299,Bose Textiles Pvt Ltd,CP-004,93630.68,False,0,2026-07-26,2026-08-10,OPEN
INV-1300,Nair Logistics,CP-006,54293.76,False,0,2026-05-26,2026-06-25,OPEN
INV-1301,Chatterjee Agro,CP-033,44579.01,True,0.02,2026-06-30,2026-07-30,OPEN
INV-1302,Rastogi Textiles Ltd,CP-039,52257.33,True,0.1,2026-07-13,2026-08-27,OPEN
INV-1303,Chauhan Steels LLP,CP-014,28580.92,True,0.1,2026-06-28,2026-07-28,OPEN
INV-1304,Bose Textiles Pvt Ltd,CP-004,44341.95,True,0.1,2026-07-22,2026-08-21,OPEN
INV-1305,Venkat Textiles,CP-007,19919.14,False,0,2026-05-19,2026-06-18,OPEN
INV-1306,Trivedi Logistics,CP-013,7069.56,False,0,2026-06-01,2026-06-16,OPEN
INV-1307,Venkat Steels & Co,CP-055,96084.58,False,0,2026-07-08,2026-08-22,OPEN
INV-1308,Iyer Packaging,CP-015,23004.10,False,0,2026-07-27,2026-08-26,OPEN
INV-1309,Bose Textiles Pvt Ltd,CP-004,50280.76,False,0,2026-05-02,2026-06-16,OPEN
INV-1310,Iyer Solutions,CP-002,30336.01,False,0,2026-07-23,2026-09-06,OPEN
INV-1311,Agarwal Logistics,CP-001,17470.36,False,0,2026-06-21,2026-08-05,OPEN
INV-1312,Patel Chemicals LLP,CP-043,62164.68,True,0.1,2026-05-12,2026-06-11,OPEN
INV-1313,Chatterjee Packaging & Co,CP-056,112732.71,False,0,2026-05-15,2026-06-14,OPEN
INV-1314,Venkat Motors & Co,CP-020,112964.75,False,0,2026-05-21,2026-07-05,OPEN
INV-1315,Agarwal Logistics,CP-001,112732.07,False,0,2026-05-08,2026-06-22,OPEN
INV-1316,Bhatt Traders Ltd,CP-000,53776.45,False,0,2026-05-06,2026-05-21,OPEN
INV-1317,Patel Distributors Ltd,CP-029,15295.08,False,0,2026-05-01,2026-05-31,OPEN
INV-1318,Kulkarni Agro Pvt Ltd,CP-035,59934.40,True,0.1,2026-05-26,2026-07-10,OPEN
INV-1319,Patel Chemicals LLP,CP-043,41185.82,False,0,2026-05-26,2026-06-10,OPEN
INV-1320,Agarwal Logistics,CP-001,42531.16,True,0.02,2026-05-04,2026-06-18,OPEN
INV-1321,Iyer Industries,CP-008,36750.90,False,0,2026-05-08,2026-06-22,OPEN
INV-1322,Reddy Logistics,CP-027,15345.87,True,0.02,2026-06-15,2026-07-15,OPEN
INV-1323,Bose Solutions Pvt Ltd,CP-016,48789.70,False,0,2026-05-29,2026-07-13,OPEN
INV-1324,Reddy Logistics,CP-027,23861.68,False,0,2026-05-21,2026-06-05,OPEN
INV-1325,Agarwal Distributors,CP-003,18719.80,False,0,2026-07-03,2026-07-18,OPEN
INV-1326,Iyer Solutions,CP-002,21930.24,False,0,2026-05-29,2026-06-28,OPEN
INV-1327,Rastogi Traders,CP-040,35728.41,True,0.02,2026-06-01,2026-07-01,OPEN
INV-1328,Venkat Polymers Pvt Ltd,CP-005,31194.99,False,0,2026-06-12,2026-07-12,OPEN
INV-1329,Bose Textiles Pvt Ltd,CP-004,10104.67,True,0.02,2026-07-10,2026-08-09,OPEN
INV-1330,Iyer Solutions,CP-002,58990.14,True,0.02,2026-05-20,2026-06-04,OPEN
INV-1331,Agarwal Logistics,CP-001,55599.46,False,0,2026-07-11,2026-07-26,OPEN
INV-1332,Agarwal Logistics,CP-001,17707.75,False,0,2026-06-18,2026-08-02,OPEN
INV-1333,Agarwal Logistics,CP-001,163743.91,False,0,2026-05-30,2026-07-14,OPEN
INV-1334,Bhatt Traders Ltd,CP-000,61774.09,False,0,2026-06-26,2026-07-26,OPEN
INV-1335,Malhotra Textiles LLP,CP-010,29669.12,False,0,2026-05-17,2026-06-01,OPEN
INV-1336,Bose Agro,CP-019,188887.31,False,0,2026-05-04,2026-06-18,OPEN
INV-1337,Agarwal Logistics,CP-001,153674.41,True,0.02,2026-05-30,2026-06-14,OPEN
INV-1338,Chauhan Polymers LLP,CP-012,26159.07,True,0.1,2026-06-08,2026-06-23,OPEN
INV-1339,Agarwal Logistics,CP-001,22851.87,False,0,2026-06-29,2026-08-13,OPEN
INV-1340,Chauhan Chemicals Ltd,CP-038,18306.48,False,0,2026-05-04,2026-06-18,OPEN
INV-1341,Venkat Motors & Co,CP-020,72075.37,False,0,2026-06-21,2026-08-05,OPEN
INV-1342,Bhatt Traders Ltd,CP-000,25807.70,False,0,2026-07-17,2026-08-31,OPEN
INV-1343,Bose Agro,CP-019,27556.25,True,0.1,2026-06-25,2026-07-10,OPEN
INV-1344,Venkat Polymers Pvt Ltd,CP-005,14294.03,False,0,2026-07-21,2026-09-04,OPEN
INV-1345,Kulkarni Agro Pvt Ltd,CP-035,58824.24,False,0,2026-06-02,2026-07-17,OPEN
INV-1346,Venkat Motors & Co,CP-020,28432.79,False,0,2026-07-14,2026-07-29,OPEN
INV-1347,Venkat Steels & Co,CP-055,53655.91,True,0.1,2026-06-10,2026-07-25,OPEN
INV-1348,Reddy Traders Ltd,CP-045,24366.64,False,0,2026-07-18,2026-08-17,OPEN
INV-1349,Malhotra Textiles LLP,CP-010,35086.08,False,0,2026-07-04,2026-08-18,OPEN
INV-1350,Bose Solutions Pvt Ltd,CP-016,41828.57,False,0,2026-05-27,2026-07-11,OPEN
INV-1351,Agarwal Chemicals & Co,CP-036,93112.97,True,0.1,2026-05-25,2026-06-09,OPEN
INV-1352,Agarwal Steels LLP,CP-011,43932.15,True,0.1,2026-05-08,2026-06-07,OPEN
INV-1353,Bhatt Traders Ltd,CP-000,51239.85,False,0,2026-07-27,2026-09-10,OPEN
INV-1354,Iyer Industries,CP-008,56450.13,False,0,2026-07-22,2026-08-21,OPEN
INV-1355,Bhatt Traders Ltd,CP-000,87340.84,True,0.02,2026-05-31,2026-07-15,OPEN
INV-1356,Nair Logistics,CP-006,97009.81,True,0.1,2026-05-27,2026-06-11,OPEN
INV-1357,Bose Textiles Pvt Ltd,CP-004,26334.41,True,0.02,2026-07-29,2026-08-13,OPEN
INV-1358,Agarwal Distributors,CP-003,37199.07,False,0,2026-05-22,2026-06-06,OPEN
INV-1359,Bhatt Traders Ltd,CP-000,12311.53,False,0,2026-06-25,2026-08-09,OPEN
INV-1360,Agarwal Distributors,CP-003,31603.27,False,0,2026-06-06,2026-07-21,OPEN
INV-1361,Trivedi Chemicals Pvt Ltd,CP-017,24124.21,False,0,2026-05-18,2026-06-02,OPEN
INV-1362,Venkat Traders & Co,CP-028,84548.40,False,0,2026-05-24,2026-07-08,OPEN
INV-1363,Agarwal Chemicals & Co,CP-036,69958.70,False,0,2026-05-24,2026-06-23,OPEN
INV-1364,Agarwal Distributors,CP-003,25533.96,False,0,2026-06-17,2026-07-17,OPEN
INV-1365,Iyer Solutions,CP-002,7822.12,False,0,2026-07-20,2026-09-03,OPEN
INV-1366,Venkat Polymers Pvt Ltd,CP-005,16553.75,False,0,2026-06-24,2026-07-09,OPEN
INV-1367,Deshmukh Distributors,CP-059,61342.32,False,0,2026-05-19,2026-06-03,OPEN
INV-1368,Bhatt Traders Ltd,CP-000,57109.59,False,0,2026-05-06,2026-06-05,OPEN
INV-1369,Agarwal Logistics,CP-001,86770.67,True,0.02,2026-06-06,2026-07-21,OPEN
INV-1370,Rastogi Enterprises LLP,CP-022,6529.85,True,0.1,2026-06-18,2026-08-02,OPEN
INV-1371,Bose Agro,CP-019,48837.42,True,0.1,2026-07-09,2026-08-08,OPEN
INV-1372,Chauhan Textiles LLP,CP-054,106937.68,False,0,2026-05-08,2026-06-07,OPEN
INV-1373,Iyer Packaging,CP-015,19328.32,False,0,2026-06-17,2026-08-01,OPEN
INV-1374,Bhatt Traders Ltd,CP-000,133377.60,True,0.02,2026-07-21,2026-08-05,OPEN
INV-1375,Bose Agro,CP-019,36721.94,False,0,2026-07-24,2026-09-07,OPEN
INV-1376,Trivedi Logistics,CP-013,30494.64,False,0,2026-07-12,2026-08-11,OPEN
INV-1377,Bhatt Traders Ltd,CP-000,43637.92,False,0,2026-06-02,2026-06-17,OPEN
INV-1378,Malhotra Textiles LLP,CP-010,18937.18,False,0,2026-07-10,2026-08-24,OPEN
INV-1379,Chauhan Polymers LLP,CP-012,11762.30,False,0,2026-07-15,2026-08-14,OPEN
INV-1380,Bose Agro,CP-019,68571.82,False,0,2026-07-04,2026-08-18,OPEN
INV-1381,Kulkarni Agro Pvt Ltd,CP-035,173870.87,False,0,2026-06-28,2026-07-28,OPEN
INV-1382,Agarwal Steels LLP,CP-011,38469.54,False,0,2026-06-17,2026-07-02,OPEN
INV-1383,Venkat Polymers Pvt Ltd,CP-005,37393.78,False,0,2026-05-18,2026-06-02,OPEN
INV-1384,Iyer Packaging,CP-015,149438.65,True,0.1,2026-06-15,2026-07-30,OPEN
INV-1385,Bose Agro,CP-019,71189.25,False,0,2026-06-17,2026-08-01,OPEN
INV-1386,Mehta Traders LLP,CP-051,57411.24,False,0,2026-07-17,2026-08-16,OPEN
INV-1387,Agarwal Steels LLP,CP-011,68012.15,True,0.1,2026-07-26,2026-08-10,OPEN
INV-1388,Deshmukh Packaging Ltd,CP-021,25731.64,True,0.1,2026-07-02,2026-07-17,OPEN
INV-1389,Agarwal Logistics,CP-001,198468.83,False,0,2026-07-15,2026-08-29,OPEN
INV-1390,Deshmukh Distributors,CP-059,69702.40,True,0.1,2026-06-26,2026-07-11,OPEN
INV-1391,Iyer Industries,CP-008,39122.01,True,0.1,2026-05-05,2026-06-04,OPEN
INV-1392,Chauhan Textiles LLP,CP-054,68884.05,False,0,2026-05-30,2026-07-14,OPEN
INV-1393,Malhotra Textiles LLP,CP-010,25459.43,False,0,2026-06-09,2026-07-24,OPEN
INV-1394,Bose Solutions Pvt Ltd,CP-016,67829.09,False,0,2026-06-29,2026-07-29,OPEN
INV-1395,Agarwal Distributors,CP-003,24546.74,True,0.1,2026-05-30,2026-07-14,OPEN
INV-1396,Bhatt Traders Ltd,CP-000,7616.17,False,0,2026-06-04,2026-06-19,OPEN
INV-1397,Agarwal Packaging,CP-009,17115.34,False,0,2026-07-07,2026-07-22,OPEN
INV-1398,Chatterjee Infotech Pvt Ltd,CP-058,127299.55,True,0.1,2026-07-21,2026-08-05,OPEN
INV-1399,Rastogi Textiles Ltd,CP-039,11173.58,False,0,2026-06-16,2026-07-31,OPEN
INV-1400,Iyer Solutions,CP-002,16910.60,True,0.1,2026-07-25,2026-09-08,OPEN
INV-1401,Bose Textiles Pvt Ltd,CP-004,23915.50,True,0.02,2026-06-14,2026-06-29,OPEN
INV-1402,Bose Motors & Co,CP-042,62614.02,False,0,2026-06-20,2026-07-20,OPEN
INV-1403,Trivedi Enterprises Ltd,CP-048,46934.83,True,0.1,2026-06-09,2026-06-24,OPEN
INV-1404,Malhotra Steels & Co,CP-046,46160.33,True,0.1,2026-05-23,2026-06-22,OPEN
INV-1405,Bose Textiles Pvt Ltd,CP-004,84215.17,False,0,2026-05-09,2026-06-08,OPEN
INV-1406,Patel Chemicals LLP,CP-043,25182.82,False,0,2026-05-03,2026-06-17,OPEN
INV-1407,Iyer Solutions,CP-002,60097.20,False,0,2026-06-21,2026-08-05,OPEN
INV-1408,Iyer Solutions,CP-002,40266.92,False,0,2026-05-31,2026-06-15,OPEN
INV-1409,Chauhan Steels LLP,CP-014,96762.31,True,0.1,2026-05-18,2026-07-02,OPEN
INV-1410,Trivedi Chemicals Pvt Ltd,CP-017,13280.98,True,0.1,2026-05-04,2026-06-18,OPEN
INV-1411,Bhatt Traders Ltd,CP-000,38020.78,True,0.1,2026-06-13,2026-06-28,OPEN
INV-1412,Bhatt Traders Ltd,CP-000,87317.82,False,0,2026-07-16,2026-08-15,OPEN
INV-1413,Rastogi Textiles Ltd,CP-039,13740.05,False,0,2026-07-23,2026-08-07,OPEN
INV-1414,Nair Logistics,CP-006,286494.52,True,0.02,2026-05-21,2026-06-05,OPEN
INV-1415,Bhatt Traders Ltd,CP-000,63149.87,False,0,2026-06-16,2026-07-31,OPEN
INV-1416,Bose Agro,CP-019,78220.64,False,0,2026-07-17,2026-08-01,OPEN
INV-1417,Sinha Agro & Co,CP-025,10985.13,False,0,2026-05-05,2026-06-04,OPEN
INV-1418,Trivedi Chemicals Pvt Ltd,CP-017,52064.68,True,0.1,2026-07-11,2026-07-26,OPEN
INV-1419,Iyer Solutions,CP-002,44342.73,True,0.02,2026-06-16,2026-07-16,OPEN
INV-1420,Deshmukh Enterprises,CP-026,40393.56,True,0.1,2026-05-24,2026-07-08,OPEN
INV-1421,Agarwal Logistics,CP-001,6008.40,False,0,2026-05-21,2026-06-20,OPEN
INV-1422,Venkat Traders & Co,CP-028,39954.29,False,0,2026-06-14,2026-07-14,OPEN
INV-1423,Venkat Textiles,CP-007,13164.57,True,0.1,2026-05-08,2026-06-07,OPEN
INV-1424,Malhotra Polymers Ltd,CP-044,22920.79,True,0.02,2026-05-29,2026-06-28,OPEN
INV-1425,Rastogi Enterprises LLP,CP-022,21647.97,False,0,2026-06-11,2026-07-26,OPEN
INV-1426,Iyer Solutions,CP-002,129102.58,False,0,2026-07-12,2026-08-11,OPEN
INV-1427,Chauhan Chemicals Ltd,CP-038,87387.18,False,0,2026-05-18,2026-06-17,OPEN
INV-1428,Bhatt Traders Ltd,CP-000,22741.56,False,0,2026-07-18,2026-08-17,OPEN
INV-1429,Agarwal Logistics,CP-001,312070.86,False,0,2026-05-06,2026-06-05,OPEN
INV-1430,Agarwal Logistics,CP-001,5206.34,False,0,2026-05-13,2026-06-12,OPEN
INV-1431,Venkat Motors & Co,CP-020,15399.24,False,0,2026-07-25,2026-08-24,OPEN
INV-1432,Chatterjee Packaging & Co,CP-056,171500.43,True,0.02,2026-05-05,2026-06-19,OPEN
INV-1433,Nair Logistics,CP-006,121615.33,True,0.1,2026-05-15,2026-05-30,OPEN
INV-1434,Malhotra Textiles LLP,CP-010,47582.45,False,0,2026-07-09,2026-07-24,OPEN
INV-1435,Malhotra Textiles LLP,CP-010,25350.20,True,0.1,2026-05-23,2026-06-07,OPEN
INV-1436,Chauhan Textiles LLP,CP-054,23551.77,False,0,2026-05-06,2026-06-20,OPEN
INV-1437,Iyer Solutions,CP-002,25766.11,False,0,2026-06-04,2026-07-04,OPEN
INV-1438,Agarwal Steels LLP,CP-011,32439.19,False,0,2026-06-19,2026-07-04,OPEN
INV-1439,Patel Chemicals LLP,CP-043,52780.15,False,0,2026-07-04,2026-08-03,OPEN
INV-1440,Deshmukh Packaging Ltd,CP-021,178694.79,False,0,2026-05-12,2026-05-27,OPEN
INV-1441,Malhotra Polymers Ltd,CP-044,18648.41,False,0,2026-07-10,2026-08-09,OPEN
INV-1442,Chauhan Textiles LLP,CP-054,122280.84,False,0,2026-07-15,2026-08-14,OPEN
INV-1443,Iyer Solutions,CP-002,87465.82,False,0,2026-06-18,2026-07-03,OPEN
INV-1444,Venkat Polymers Pvt Ltd,CP-005,44565.38,False,0,2026-07-26,2026-08-10,OPEN
INV-1445,Bose Solutions Pvt Ltd,CP-016,43722.09,False,0,2026-07-18,2026-08-17,OPEN
INV-1446,Malhotra Polymers Ltd,CP-044,34607.13,False,0,2026-07-06,2026-08-20,OPEN
INV-1447,Agarwal Logistics,CP-001,44057.04,True,0.1,2026-07-07,2026-07-22,OPEN
INV-1448,Bose Agro,CP-019,8211.57,False,0,2026-05-23,2026-07-07,OPEN
INV-1449,Rastogi Textiles Ltd,CP-039,12839.30,True,0.02,2026-06-24,2026-08-08,OPEN
INV-1450,Iyer Solutions,CP-002,15471.77,False,0,2026-07-06,2026-08-05,OPEN
INV-1451,Pillai Textiles,CP-018,24597.42,False,0,2026-06-27,2026-07-27,OPEN
INV-1452,Bose Solutions Pvt Ltd,CP-016,61787.59,True,0.02,2026-07-06,2026-08-05,OPEN
INV-1453,Iyer Industries,CP-008,77335.57,True,0.1,2026-07-06,2026-08-05,OPEN
INV-1454,Bhatt Traders Ltd,CP-000,13691.01,False,0,2026-05-08,2026-06-07,OPEN
INV-1455,Mehta Chemicals LLP,CP-023,23984.63,True,0.1,2026-05-31,2026-06-15,OPEN
INV-1456,Malhotra Textiles LLP,CP-010,39687.89,False,0,2026-05-17,2026-06-16,OPEN
INV-1457,Iyer Packaging,CP-015,32620.02,False,0,2026-06-26,2026-07-11,OPEN
INV-1458,Rastogi Enterprises LLP,CP-022,23530.62,False,0,2026-07-22,2026-08-21,OPEN
INV-1459,Bose Textiles Pvt Ltd,CP-004,26366.72,True,0.1,2026-07-19,2026-08-03,OPEN
INV-1460,Pillai Textiles,CP-018,30230.85,False,0,2026-06-27,2026-08-11,OPEN
INV-1461,Nair Logistics,CP-006,66481.90,False,0,2026-07-12,2026-08-11,OPEN
INV-1462,Deshmukh Packaging Ltd,CP-021,33429.31,False,0,2026-05-02,2026-06-16,OPEN
INV-1463,Agarwal Logistics,CP-001,95485.87,False,0,2026-06-07,2026-07-07,OPEN
INV-1464,Reddy Logistics,CP-027,18833.58,False,0,2026-05-10,2026-05-25,OPEN
INV-1465,Bhatt Traders Ltd,CP-000,44588.98,True,0.1,2026-07-27,2026-08-26,OPEN
INV-1466,Chauhan Chemicals Ltd,CP-038,54642.56,True,0.1,2026-07-14,2026-07-29,OPEN
INV-1467,Rastogi Textiles Ltd,CP-039,17638.01,False,0,2026-07-06,2026-07-21,OPEN
INV-1468,Patel Chemicals,CP-057,25043.28,False,0,2026-06-10,2026-07-25,OPEN
INV-1469,Chauhan Chemicals Ltd,CP-038,47850.71,False,0,2026-06-23,2026-07-23,OPEN
INV-1470,Agarwal Distributors,CP-003,84220.62,True,0.02,2026-05-26,2026-07-10,OPEN
INV-1471,Trivedi Chemicals Pvt Ltd,CP-017,58533.51,True,0.02,2026-06-13,2026-07-28,OPEN
INV-1472,Agarwal Distributors,CP-003,43757.03,False,0,2026-07-12,2026-07-27,OPEN
INV-1473,Iyer Solutions,CP-002,76517.30,False,0,2026-05-27,2026-07-11,OPEN
INV-1474,Iyer Packaging,CP-015,23548.67,False,0,2026-05-27,2026-06-11,OPEN
INV-1475,Agarwal Logistics,CP-001,75473.55,False,0,2026-05-18,2026-06-02,OPEN
INV-1476,Bhatt Chemicals & Co,CP-032,39956.04,False,0,2026-07-11,2026-07-26,OPEN
INV-1477,Agarwal Packaging,CP-009,91657.22,False,0,2026-06-07,2026-07-22,OPEN
INV-1478,Kulkarni Agro Pvt Ltd,CP-035,24263.04,True,0.02,2026-05-13,2026-05-28,OPEN
INV-1479,Nair Logistics,CP-006,55849.73,False,0,2026-06-26,2026-07-11,OPEN
INV-1480,Rastogi Textiles Ltd,CP-039,15557.55,False,0,2026-05-30,2026-06-29,OPEN
INV-1481,Rastogi Enterprises LLP,CP-022,65547.90,True,0.02,2026-06-03,2026-06-18,OPEN
INV-1482,Nair Traders Pvt Ltd,CP-050,55936.43,True,0.02,2026-05-05,2026-06-19,OPEN
INV-1483,Agarwal Distributors,CP-003,87702.61,False,0,2026-05-26,2026-07-10,OPEN
INV-1484,Agarwal Logistics,CP-001,26101.36,False,0,2026-05-05,2026-05-20,OPEN
INV-1485,Pillai Textiles,CP-018,10938.57,False,0,2026-07-07,2026-08-06,OPEN
INV-1486,Iyer Industries,CP-008,21115.68,False,0,2026-06-08,2026-07-23,OPEN
INV-1487,Deshmukh Enterprises,CP-026,16800.48,False,0,2026-05-30,2026-06-29,OPEN
INV-1488,Bhatt Traders Ltd,CP-000,51762.24,False,0,2026-06-12,2026-07-12,OPEN
INV-1489,Iyer Solutions,CP-002,63303.06,False,0,2026-06-08,2026-07-23,OPEN
INV-1490,Chauhan Polymers LLP,CP-012,9975.27,False,0,2026-05-21,2026-06-20,OPEN
INV-1491,Bhatt Traders Ltd,CP-000,25782.44,False,0,2026-06-23,2026-07-23,OPEN
INV-1492,Bhatt Traders Ltd,CP-000,150606.16,True,0.02,2026-06-16,2026-07-16,OPEN
INV-1493,Bhatt Traders Ltd,CP-000,157844.61,True,0.02,2026-06-08,2026-06-23,OPEN
INV-1494,Rastogi Traders,CP-040,12414.48,False,0,2026-07-08,2026-08-07,OPEN
INV-1495,Iyer Industries,CP-008,13138.73,True,0.02,2026-07-04,2026-08-03,OPEN
INV-1496,Venkat Polymers Pvt Ltd,CP-005,23753.20,False,0,2026-05-31,2026-07-15,OPEN
INV-1497,Agarwal Packaging,CP-009,152953.71,False,0,2026-07-29,2026-09-12,OPEN
INV-1498,Sinha Agro & Co,CP-025,18594.55,False,0,2026-06-03,2026-07-03,OPEN
INV-1499,Venkat Polymers Pvt Ltd,CP-005,41752.09,True,0.02,2026-05-16,2026-05-31,OPEN
